originTime,ID,lat,lon,depth,erz,erh,KEMF_P_time,KEMF_P_resid,KEMF_S_time,KEMF_S_resid,KEMO_S_time,KEMO_S_resid,NCHR_P_time,NCHR_P_resid,NCHR_S_time,NCHR_S_resid,ENWF_P_time,ENWF_P_resid,ENWF_S_time,ENWF_S_resid,ENHR_S_time,ENHR_S_resid,nwp,nws,ENHR_P_time,ENHR_P_resid,KEMO_P_time,KEMO_P_resid,magnitude
01-Aug-2018 01:25:41,301961,47.9626227715975,-129.078932913219,2.32875,0.765632470490175,1.75942215644774,01-Aug-2018 01:25:42,0.1315,01-Aug-2018 01:25:43,-0.0167,01-Aug-2018 01:25:43,-0.2807,01-Aug-2018 01:25:42,-0.0087,01-Aug-2018 01:25:42,-0.0699,01-Aug-2018 01:25:42,0.0004,01-Aug-2018 01:25:43,-0.0008,01-Aug-2018 01:25:41,-0.8684,3,4,,,,,-0.023489656690689
01-Aug-2018 01:26:07,301963,47.966612577799,-129.089595112224,0.438438,0.245559396300379,1.54386243477613,01-Aug-2018 01:26:08,0.1271,01-Aug-2018 01:26:08,-0.1005,,,01-Aug-2018 01:26:08,0.0863,01-Aug-2018 01:26:08,-0.0283,01-Aug-2018 01:26:08,-0.0315,01-Aug-2018 01:26:09,-0.0456,01-Aug-2018 01:26:07,-0.3943,3,4,,,,,0.0386340929340214
01-Aug-2018 01:33:53,301964,47.9733404184208,-129.071460654582,1.99031,0.0290016624535284,1.64392710184356,,,01-Aug-2018 01:33:54,-0.0024,,,,,01-Aug-2018 01:33:54,0.0018,01-Aug-2018 01:33:54,0.1875,01-Aug-2018 01:33:54,0.0994,01-Aug-2018 01:33:53,-0.4789,1,4,,,,,0.149246781476634
01-Aug-2018 02:53:06,301965,47.9524637388151,-129.043057086446,1.99031,0.0288823630009687,1.89241159698436,,,,,01-Aug-2018 02:53:08,-0.0072,01-Aug-2018 02:53:07,0.0625,01-Aug-2018 02:53:08,0.1465,,,01-Aug-2018 02:53:08,0.0437,01-Aug-2018 02:53:07,-0.2054,2,4,01-Aug-2018 02:53:06,-0.1294,,,0.195745786158909
01-Aug-2018 03:20:59,301966,47.9750800078641,-129.102744626666,1.00625,1.14470592779401,2.27789003725265,01-Aug-2018 03:21:00,0.0373,01-Aug-2018 03:21:01,-0.2215,,,01-Aug-2018 03:21:00,-0.0123,01-Aug-2018 03:21:00,0.1031,,,01-Aug-2018 03:21:00,-0.2862,01-Aug-2018 03:21:00,-0.6954,2,4,,,,,-0.26974104979675
01-Aug-2018 04:07:57,301967,48.0075931462068,-129.092237980567,2.00969,0.028878258493314,3.0820050143685,,,01-Aug-2018 04:07:59,-0.0688,,,01-Aug-2018 04:07:58,0.0648,01-Aug-2018 04:07:59,0.2893,01-Aug-2018 04:07:58,0.0133,01-Aug-2018 04:07:59,0.0322,01-Aug-2018 04:07:58,-0.2637,3,4,,,01-Aug-2018 04:07:58,-0.1176,0.0453843022875553
01-Aug-2018 04:43:10,301968,47.9681869717335,-129.088695612278,0.596563,0.451358480135597,1.65301435684089,,,01-Aug-2018 04:43:11,0.0097,,,01-Aug-2018 04:43:10,0.1334,01-Aug-2018 04:43:10,-0.0650,,,01-Aug-2018 04:43:11,-0.2022,01-Aug-2018 04:43:10,-0.1100,1,4,,,,,-0.115176722867261
01-Aug-2018 05:37:35,301969,47.9458044527507,-129.112230302404,0.610938,0.452459800013154,1.51909538986348,01-Aug-2018 05:37:36,0.0055,01-Aug-2018 05:37:36,-0.0264,01-Aug-2018 05:37:37,-0.0646,01-Aug-2018 05:37:36,0.0176,,,01-Aug-2018 05:37:36,-0.1248,01-Aug-2018 05:37:36,0.0684,,,4,3,,,01-Aug-2018 05:37:36,0.0522,-0.0264052886049093
01-Aug-2018 05:54:05,301970,47.9664160929131,-129.089707365979,0.424063,0.301075438438474,1.54970257360856,01-Aug-2018 05:54:05,0.0412,01-Aug-2018 05:54:06,-0.1328,,,01-Aug-2018 05:54:05,0.0770,01-Aug-2018 05:54:06,-0.0061,01-Aug-2018 05:54:06,-0.0447,01-Aug-2018 05:54:06,-0.0765,01-Aug-2018 05:54:05,-0.4060,3,4,,,,,-0.0878890311538747
01-Aug-2018 06:06:57,301971,47.942210568313,-129.101345852437,1.63875,0.729489355290288,1.66306248762866,01-Aug-2018 06:06:58,0.0208,01-Aug-2018 06:06:58,-0.1115,01-Aug-2018 06:06:58,-0.0702,01-Aug-2018 06:06:58,-0.0426,01-Aug-2018 06:06:59,0.0204,01-Aug-2018 06:06:58,-0.0473,01-Aug-2018 06:06:59,0.0811,,,4,4,,,01-Aug-2018 06:06:58,0.0256,0.146304339864919
01-Aug-2018 06:07:00,301972,47.9407006666027,-129.09548707599,1.40875,0.913954822677488,1.69400213160915,01-Aug-2018 06:07:00,0.0007,01-Aug-2018 06:07:01,-0.0402,01-Aug-2018 06:07:01,0.1350,,,01-Aug-2018 06:07:02,0.0172,01-Aug-2018 06:07:01,-0.0169,01-Aug-2018 06:07:01,0.0255,,,3,4,,,01-Aug-2018 06:07:00,0.0012,0.172036854929718
01-Aug-2018 06:31:56,301973,48.1545509710626,-128.772898373738,2.99031,0.0428076278699345,9.93904614221448,01-Aug-2018 06:32:01,-0.0035,01-Aug-2018 06:32:06,0.0250,,,,,01-Aug-2018 06:32:05,0.4673,,,01-Aug-2018 06:32:06,0.0859,01-Aug-2018 06:32:05,-0.3973,1,4,,,,,0.867056461785953
01-Aug-2018 06:32:16,301974,47.9671560750918,-129.092141846126,1.10688,0.944053924967172,1.91836654842191,01-Aug-2018 06:32:17,0.0734,01-Aug-2018 06:32:17,-0.0570,,,01-Aug-2018 06:32:16,-0.0088,01-Aug-2018 06:32:17,0.1734,01-Aug-2018 06:32:17,-0.0055,01-Aug-2018 06:32:18,0.1486,,,3,3,,,,,-0.156308347116788
01-Aug-2018 06:32:22,301975,47.9668099022471,-129.089482377895,0.510313,0.274475758360632,1.53113978293781,01-Aug-2018 06:32:23,0.0414,01-Aug-2018 06:32:23,-0.0833,01-Aug-2018 06:32:24,-0.4644,01-Aug-2018 06:32:23,0.0805,01-Aug-2018 06:32:23,0.0528,01-Aug-2018 06:32:23,-0.0240,01-Aug-2018 06:32:24,-0.0389,01-Aug-2018 06:32:22,-0.4427,3,5,,,,,0.302692556697842
01-Aug-2018 06:39:32,301977,47.9431900796581,-129.080624686018,1.99031,0.0289455783317656,1.74354349238769,,,01-Aug-2018 06:39:33,-0.3505,01-Aug-2018 06:39:33,-0.2970,01-Aug-2018 06:39:33,-0.0190,01-Aug-2018 06:39:33,-0.3860,,,01-Aug-2018 06:39:34,0.3496,,,2,4,,,01-Aug-2018 06:39:33,0.1054,0.177659927815444
01-Aug-2018 17:21:07,301978,47.9627360897987,-129.093826134689,1.97656,0.66565243552171,1.58417904682383,01-Aug-2018 17:21:08,0.0402,01-Aug-2018 17:21:08,-0.0658,01-Aug-2018 17:21:09,-0.2168,01-Aug-2018 17:21:08,0.0002,01-Aug-2018 17:21:08,-0.0873,01-Aug-2018 17:21:08,-0.0002,01-Aug-2018 17:21:08,0.0145,01-Aug-2018 17:21:07,-0.8159,3,4,,,,,0.0224256475159788
01-Aug-2018 17:41:09,301979,48.0324842627427,-129.067901478249,3.00875,0.0428088644547668,2.14077691121793,01-Aug-2018 17:41:11,0.0176,01-Aug-2018 17:41:12,-0.0156,,,01-Aug-2018 17:41:10,-0.0065,01-Aug-2018 17:41:12,0.1043,01-Aug-2018 17:41:11,-0.0123,01-Aug-2018 17:41:12,0.0247,01-Aug-2018 17:41:12,-0.2198,3,4,,,,,0.784699162101564
01-Aug-2018 18:37:55,301980,47.9722720281285,-129.091405170289,0.0646875,0.711325245379922,2.01025809565133,01-Aug-2018 18:37:55,0.0191,,,,,01-Aug-2018 18:37:55,-0.0169,01-Aug-2018 18:37:56,0.0185,,,01-Aug-2018 18:37:56,-0.0576,01-Aug-2018 18:37:55,-0.0159,2,3,,,,,-0.182498867045084
01-Aug-2018 18:38:11,301981,47.9676998379797,-129.094689883798,0.409688,0.923003598566311,1.73256435595933,01-Aug-2018 18:38:11,0.0137,01-Aug-2018 18:38:12,-0.2495,,,01-Aug-2018 18:38:11,0.0493,01-Aug-2018 18:38:12,0.1419,01-Aug-2018 18:38:11,-0.0051,01-Aug-2018 18:38:12,-0.0781,01-Aug-2018 18:38:11,-0.2759,4,4,01-Aug-2018 18:38:11,-0.1514,,,-0.371239195856845
01-Aug-2018 19:35:43,301983,47.9716888851079,-129.091990804223,0.00359375,0.487072941426135,1.76838034196958,01-Aug-2018 19:35:44,0.0443,01-Aug-2018 19:35:45,-0.0756,,,01-Aug-2018 19:35:44,-0.0044,01-Aug-2018 19:35:45,0.1004,01-Aug-2018 19:35:44,0.0100,,,01-Aug-2018 19:35:44,0.0552,4,3,01-Aug-2018 19:35:44,-0.0354,,,-0.067445536043552
01-Aug-2018 19:42:14,301984,47.9769912628871,-129.09526486716,0.186875,0.93002153292677,2.07373205258691,01-Aug-2018 19:42:15,0.0218,01-Aug-2018 19:42:16,-0.0951,01-Aug-2018 19:42:17,0.0432,01-Aug-2018 19:42:15,-0.0152,01-Aug-2018 19:42:16,0.0307,01-Aug-2018 19:42:15,-0.0065,01-Aug-2018 19:42:16,0.0866,01-Aug-2018 19:42:15,-0.5601,3,5,,,,,0.085697986541275
01-Aug-2018 20:09:47,301985,48.0518508057872,-128.734583426248,3.00937,0.0428172518208416,12.1953563097276,,,01-Aug-2018 20:09:55,-0.1191,,,,,01-Aug-2018 20:09:55,0.2019,,,01-Aug-2018 20:09:56,0.4654,01-Aug-2018 20:09:55,-0.3045,1,4,01-Aug-2018 20:09:51,0.0063,,,
01-Aug-2018 20:23:01,301986,48.0973670705568,-129.298203782012,3.00969,0.0432189828686913,6.84810502208742,01-Aug-2018 20:23:04,-0.0109,01-Aug-2018 20:23:07,-0.0880,01-Aug-2018 20:23:07,-0.1966,,,01-Aug-2018 20:23:07,-0.0439,01-Aug-2018 20:23:04,0.0008,01-Aug-2018 20:23:07,0.2663,01-Aug-2018 20:23:06,-0.6843,2,4,,,,,0.607009998093734
01-Aug-2018 20:23:00,301987,48.3215160181643,-129.241298583784,2.99063,0.0430505710046707,33.7081771816018,01-Aug-2018 20:23:07,-0.0058,01-Aug-2018 20:23:13,0.4825,,,,,01-Aug-2018 20:23:11,0.0111,01-Aug-2018 20:23:06,0.0002,01-Aug-2018 20:23:12,0.1459,01-Aug-2018 20:23:12,-0.0217,2,3,,,,,1.02494564569195
01-Aug-2018 20:42:17,301988,48.0235235325992,-129.071685205643,2.00937,0.0289478431189334,3.25989820048644,,,01-Aug-2018 20:42:20,0.1433,,,,,01-Aug-2018 20:42:20,0.3737,01-Aug-2018 20:42:18,0.0042,01-Aug-2018 20:42:20,-0.0952,01-Aug-2018 20:42:19,-0.2145,2,4,01-Aug-2018 20:42:18,-0.0528,,,0.414383951435962
01-Aug-2018 21:21:17,301989,47.9702895191611,-129.090941269958,0.0251563,0.100145014698468,1.55079026309031,01-Aug-2018 21:21:17,0.0463,01-Aug-2018 21:21:18,-0.0803,,,01-Aug-2018 21:21:17,-0.0519,01-Aug-2018 21:21:18,0.0459,01-Aug-2018 21:21:17,0.0304,01-Aug-2018 21:21:18,-0.1282,01-Aug-2018 21:21:17,0.0161,4,4,01-Aug-2018 21:21:17,-0.0750,,,0.0165577978897513
01-Aug-2018 21:21:40,301990,47.9724807361854,-129.096160309068,0.08625,1.26587958734983,2.4271774737706,01-Aug-2018 21:21:41,-0.0174,01-Aug-2018 21:21:42,0.0881,,,01-Aug-2018 21:21:40,0.0253,01-Aug-2018 21:21:41,-0.0536,,,01-Aug-2018 21:21:42,-0.0270,01-Aug-2018 21:21:41,-0.4103,3,4,01-Aug-2018 21:21:40,0.0037,,,-0.141122363990831
01-Aug-2018 21:36:22,301992,47.9784853311066,-129.07389908293,1.99031,0.0291273788318778,1.75001672931612,01-Aug-2018 21:36:23,0.2666,01-Aug-2018 21:36:24,0.0461,,,,,01-Aug-2018 21:36:23,-0.1713,,,01-Aug-2018 21:36:24,0.0010,01-Aug-2018 21:36:23,-0.7065,1,4,,,,,0.053939070753497
01-Aug-2018 21:36:29,301993,47.9734511986847,-129.092916235171,0.02875,1.06223881864052,2.37369573487581,01-Aug-2018 21:36:30,-0.0126,01-Aug-2018 21:36:31,0.2197,,,01-Aug-2018 21:36:29,-0.0671,01-Aug-2018 21:36:30,0.0700,01-Aug-2018 21:36:30,0.0596,01-Aug-2018 21:36:31,0.1001,01-Aug-2018 21:36:30,-0.0371,3,4,,,,,0.0154068345365665
01-Aug-2018 21:43:02,301994,47.930538045792,-128.972251880252,3.00031,0.0428536604230378,6.39405226999083,,,01-Aug-2018 21:43:06,0.7710,,,,,01-Aug-2018 21:43:05,0.1611,,,01-Aug-2018 21:43:06,0.0779,01-Aug-2018 21:43:05,-0.2465,1,4,01-Aug-2018 21:43:03,-0.0125,,,
01-Aug-2018 21:48:45,301995,47.9728239057401,-129.092560230841,0.00179688,0.267451750979949,1.61047949115022,01-Aug-2018 21:48:46,0.0732,01-Aug-2018 21:48:47,-0.0270,,,01-Aug-2018 21:48:45,0.0359,01-Aug-2018 21:48:46,0.0929,01-Aug-2018 21:48:45,-0.0174,01-Aug-2018 21:48:47,-0.1311,01-Aug-2018 21:48:46,0.0118,4,4,01-Aug-2018 21:48:45,-0.1016,,,-0.0473796481943296
01-Aug-2018 21:54:43,301996,47.9724834892271,-129.092334408016,0.00179688,0.208348402431615,1.58720968596232,01-Aug-2018 21:54:44,0.0618,01-Aug-2018 21:54:45,-0.0342,,,01-Aug-2018 21:54:43,0.0162,01-Aug-2018 21:54:44,0.0912,01-Aug-2018 21:54:44,-0.0391,01-Aug-2018 21:54:45,0.2670,01-Aug-2018 21:54:44,0.0212,4,4,01-Aug-2018 21:54:43,-0.0765,,,0.100894587129016
01-Aug-2018 22:26:59,301997,47.9488496925906,-129.082432945953,1.22188,0.515642407485825,1.6686108876126,01-Aug-2018 22:26:59,0.0782,01-Aug-2018 22:27:00,-0.0917,01-Aug-2018 22:27:00,-0.2224,,,01-Aug-2018 22:27:01,0.5042,01-Aug-2018 22:27:00,0.0464,01-Aug-2018 22:27:00,0.0421,01-Aug-2018 22:27:00,-0.3791,3,5,01-Aug-2018 22:26:59,-0.0286,,,-0.0396268119769907
01-Aug-2018 22:29:50,301998,47.9681037370634,-129.088701570698,0.249766,0.116732601693036,1.52802410218882,01-Aug-2018 22:29:51,0.0969,01-Aug-2018 22:29:51,-0.2241,,,01-Aug-2018 22:29:50,0.0338,01-Aug-2018 22:29:51,0.0819,01-Aug-2018 22:29:51,0.0275,01-Aug-2018 22:29:52,-0.1356,01-Aug-2018 22:29:50,-0.1383,3,4,,,,,-0.208568227010591
01-Aug-2018 22:32:18,301999,47.9689969157777,-129.088990219871,0.341406,0.334500257142143,1.57359965360759,01-Aug-2018 22:32:18,0.0591,01-Aug-2018 22:32:19,0.0467,,,01-Aug-2018 22:32:18,0.0197,01-Aug-2018 22:32:19,-0.0118,01-Aug-2018 22:32:18,-0.0344,01-Aug-2018 22:32:19,-0.1353,01-Aug-2018 22:32:18,-0.2573,4,4,01-Aug-2018 22:32:18,-0.0819,,,0.245630578995835
01-Aug-2018 22:38:47,302000,47.5399358098606,-128.935025871856,3.00937,0.0428074433704078,18.0886808458803,01-Aug-2018 22:38:55,0.0154,01-Aug-2018 22:39:00,-0.1059,,,,,,,,,01-Aug-2018 22:39:01,0.3593,,,3,2,01-Aug-2018 22:38:55,-0.0660,01-Aug-2018 22:38:54,-0.0103,1.19415858481592
01-Aug-2018 22:58:22,302001,47.9674001955359,-129.089145129221,0.395313,0.201216833247326,1.53505495403912,,,01-Aug-2018 22:58:23,-0.1655,,,01-Aug-2018 22:58:22,0.0746,01-Aug-2018 22:58:23,-0.1496,01-Aug-2018 22:58:23,0.0245,01-Aug-2018 22:58:23,-0.1882,01-Aug-2018 22:58:22,-0.2159,2,4,,,,,-0.182089355518393
01-Aug-2018 23:06:55,302002,47.9788977879838,-129.09652988536,0.25875,0.924431900043816,1.99283175357703,01-Aug-2018 23:06:56,0.0105,01-Aug-2018 23:06:57,-0.0329,,,01-Aug-2018 23:06:55,-0.0084,01-Aug-2018 23:06:56,0.0184,01-Aug-2018 23:06:56,-0.0128,01-Aug-2018 23:06:57,0.0506,01-Aug-2018 23:06:56,-0.5613,3,4,,,,,0.0262169606453995
01-Aug-2018 23:10:52,302003,48.0231370856138,-129.112289678559,2.00937,0.028910614199382,1.86922772520905,01-Aug-2018 23:10:53,0.0272,01-Aug-2018 23:10:55,0.2310,01-Aug-2018 23:10:55,0.0343,01-Aug-2018 23:10:53,0.0101,01-Aug-2018 23:10:54,0.1668,01-Aug-2018 23:10:53,-0.0177,01-Aug-2018 23:10:55,0.1691,01-Aug-2018 23:10:54,-0.2464,3,5,,,,,0.685777057190505
01-Aug-2018 23:18:29,302005,48.0026961871956,-129.080235838366,1.99031,0.0288657227948665,2.3197289780739,01-Aug-2018 23:18:30,0.0424,01-Aug-2018 23:18:31,-0.0870,,,01-Aug-2018 23:18:30,-0.0138,01-Aug-2018 23:18:31,-0.0327,01-Aug-2018 23:18:30,-0.0271,01-Aug-2018 23:18:32,0.3599,01-Aug-2018 23:18:30,-0.6839,3,4,,,,,0.222860485346601
01-Aug-2018 23:50:50,302006,47.6648387121591,-129.366927617556,2.99031,0.0428756372945891,11.4501470642886,01-Aug-2018 23:50:56,-0.0325,01-Aug-2018 23:51:01,0.1988,01-Aug-2018 23:51:00,0.0890,,,01-Aug-2018 23:51:02,0.6409,01-Aug-2018 23:50:56,0.0181,01-Aug-2018 23:51:02,1.0669,01-Aug-2018 23:51:01,-0.1089,2,3,,,,,1.10465889161845
02-Aug-2018 00:19:05,302007,47.9741172038692,-129.092872847766,0.071875,0.910564634973708,2.13384456746889,02-Aug-2018 00:19:06,0.0335,02-Aug-2018 00:19:07,0.1786,,,02-Aug-2018 00:19:05,-0.0119,02-Aug-2018 00:19:07,0.3151,,,02-Aug-2018 00:19:07,-0.0490,02-Aug-2018 00:19:06,-0.0170,2,4,,,,,-0.168018257511424
02-Aug-2018 00:24:14,302008,47.9527618857598,-129.061710824517,1.99031,0.028875713024102,2.08422371806892,02-Aug-2018 00:24:14,-0.0788,02-Aug-2018 00:24:15,0.2189,,,02-Aug-2018 00:24:14,0.0154,02-Aug-2018 00:24:15,-0.1635,02-Aug-2018 00:24:15,0.0229,02-Aug-2018 00:24:16,0.0817,02-Aug-2018 00:24:14,-0.8272,3,3,,,,,-0.0951642601625142
02-Aug-2018 00:42:23,302009,47.9632326709402,-129.068162183145,0.100625,1.0527083609256,2.24234916839372,02-Aug-2018 00:42:24,-0.0138,02-Aug-2018 00:42:25,-0.3684,02-Aug-2018 00:42:26,-0.3532,02-Aug-2018 00:42:24,-0.0014,02-Aug-2018 00:42:25,0.0448,02-Aug-2018 00:42:24,0.0112,02-Aug-2018 00:42:26,0.1640,02-Aug-2018 00:42:25,-0.1395,3,5,,,,,0.186301059394699
02-Aug-2018 01:19:13,302010,47.9719002013225,-129.092373578198,0.00359375,0.805402141457578,1.84814885022093,02-Aug-2018 01:19:14,0.0455,02-Aug-2018 01:19:15,-0.0453,,,02-Aug-2018 01:19:13,-0.0170,02-Aug-2018 01:19:14,0.0327,02-Aug-2018 01:19:14,-0.0456,02-Aug-2018 01:19:15,-0.0347,02-Aug-2018 01:19:14,-0.0259,3,4,,,,,0.0249103413382734
02-Aug-2018 02:04:47,302011,47.9701918957912,-129.073260826672,1.99031,0.0289956765820772,1.65363248637662,,,02-Aug-2018 02:04:49,0.0617,,,,,02-Aug-2018 02:04:48,0.0565,02-Aug-2018 02:04:48,0.1653,02-Aug-2018 02:04:49,0.2816,02-Aug-2018 02:04:48,-0.4770,1,4,,,,,0.166896466131169
02-Aug-2018 02:44:12,302012,47.9710080492474,-129.091539178925,0.247969,0.712358059997705,1.78448439057625,02-Aug-2018 02:44:12,0.0759,02-Aug-2018 02:44:13,0.0756,,,02-Aug-2018 02:44:12,-0.0281,02-Aug-2018 02:44:13,0.0299,02-Aug-2018 02:44:12,-0.0837,02-Aug-2018 02:44:13,-0.2985,02-Aug-2018 02:44:12,-0.0382,4,4,02-Aug-2018 02:44:12,-0.0000,,,-0.101261420920036
02-Aug-2018 02:51:56,302013,47.9619574702859,-129.155272039013,2.99063,0.0428095857391995,1.85952591255378,02-Aug-2018 02:51:57,0.0191,02-Aug-2018 02:51:58,0.0130,,,,,02-Aug-2018 02:51:58,0.1103,02-Aug-2018 02:51:57,-0.0061,02-Aug-2018 02:51:58,-0.0578,02-Aug-2018 02:51:58,-0.5873,2,4,,,,,0.498490397552231
02-Aug-2018 03:15:16,302014,47.9193377077067,-128.895987762136,2.99125,0.0429029747579817,10.3231431670559,02-Aug-2018 03:15:19,-0.0002,02-Aug-2018 03:15:21,0.0041,,,,,02-Aug-2018 03:15:21,0.0283,,,02-Aug-2018 03:15:22,0.0059,02-Aug-2018 03:15:21,-0.3112,1,4,,,,,0.50050370447908
02-Aug-2018 03:20:42,302015,48.100268451584,-128.49428614704,1.99875,0.0288679661693728,24.201517138435,,,02-Aug-2018 03:20:56,0.1593,02-Aug-2018 03:20:56,-0.0954,,,02-Aug-2018 03:20:55,0.2680,,,02-Aug-2018 03:20:56,0.3164,02-Aug-2018 03:20:55,-0.3284,0,5,,,,,
02-Aug-2018 04:44:30,302018,47.9675787229091,-129.095094701753,0.467188,1.06384455491929,1.78286342334661,,,02-Aug-2018 04:44:31,0.1854,,,02-Aug-2018 04:44:30,0.0957,02-Aug-2018 04:44:31,-0.0025,,,02-Aug-2018 04:44:31,-0.1290,02-Aug-2018 04:44:30,-0.0908,2,4,02-Aug-2018 04:44:30,-0.0732,,,-0.166642778953387
02-Aug-2018 04:44:52,302019,47.9687304888216,-129.091242414168,0.330625,0.673062808337472,1.73098884567031,02-Aug-2018 04:44:52,0.0691,02-Aug-2018 04:44:53,-0.0193,02-Aug-2018 04:44:53,-0.9587,02-Aug-2018 04:44:52,0.0474,02-Aug-2018 04:44:53,0.0527,,,02-Aug-2018 04:44:53,-0.1227,,,3,3,02-Aug-2018 04:44:52,-0.0623,,,-0.0909555601592658
02-Aug-2018 04:44:53,302020,47.9943823478967,-129.114587764215,2.00031,0.02889556260675,2.11351848717143,,,02-Aug-2018 04:44:55,-0.2289,02-Aug-2018 04:44:55,-0.8609,02-Aug-2018 04:44:53,0.0128,02-Aug-2018 04:44:54,-0.2770,,,02-Aug-2018 04:44:54,-0.0271,02-Aug-2018 04:44:56,1.3522,1,5,,,,,0.489966187949511
02-Aug-2018 04:44:58,302021,47.9681224236149,-129.08877408938,0.321641,0.125682017125313,1.51795999713302,02-Aug-2018 04:44:59,0.0324,02-Aug-2018 04:45:00,-0.0511,,,02-Aug-2018 04:44:58,0.0621,02-Aug-2018 04:44:59,0.1148,02-Aug-2018 04:44:59,-0.0009,02-Aug-2018 04:45:00,-0.1963,02-Aug-2018 04:44:58,-0.2026,3,4,,,,,0.000242096867193453
02-Aug-2018 04:45:11,302023,47.9742952157611,-129.098821954212,1.02063,0.623252690878032,1.68062729761382,02-Aug-2018 04:45:12,0.0044,02-Aug-2018 04:45:12,0.0614,,,02-Aug-2018 04:45:11,0.0132,02-Aug-2018 04:45:12,-0.0541,02-Aug-2018 04:45:12,0.0428,02-Aug-2018 04:45:12,-0.0412,02-Aug-2018 04:45:11,-0.7074,3,4,,,,,0.164049253204231
02-Aug-2018 04:45:11,302024,48.1382181846654,-129.105063850525,3.00969,0.0428869821616993,4.37904855329698,02-Aug-2018 04:45:15,-0.0885,02-Aug-2018 04:45:17,-0.1946,,,02-Aug-2018 04:45:14,0.0029,02-Aug-2018 04:45:17,0.1130,02-Aug-2018 04:45:15,0.0326,02-Aug-2018 04:45:17,0.0008,,,3,3,,,,,0.682352385956996
02-Aug-2018 04:45:28,302025,47.9684877640471,-129.092053810478,0.330625,0.417327326656128,1.59191466969924,02-Aug-2018 04:45:29,0.0636,02-Aug-2018 04:45:30,0.0073,,,02-Aug-2018 04:45:29,0.0339,02-Aug-2018 04:45:29,0.0277,,,02-Aug-2018 04:45:30,-0.1000,02-Aug-2018 04:45:29,0.0486,3,4,02-Aug-2018 04:45:29,-0.0548,,,-0.0928944621441783
02-Aug-2018 04:45:36,302027,47.9626180415809,-129.087674725184,2.00937,0.0288630363308759,2.66100357284401,02-Aug-2018 04:45:36,-0.0071,02-Aug-2018 04:45:37,0.0282,,,,,02-Aug-2018 04:45:37,-0.1045,,,02-Aug-2018 04:45:37,-0.0124,02-Aug-2018 04:45:37,0.0171,1,4,,,,,-0.107085417415011
02-Aug-2018 04:46:08,302028,47.968428623956,-129.090070840624,0.503125,1.09823905103824,2.06906053636988,02-Aug-2018 04:46:09,0.0365,02-Aug-2018 04:46:10,-0.0638,,,02-Aug-2018 04:46:09,0.0044,02-Aug-2018 04:46:09,0.2378,,,02-Aug-2018 04:46:10,-0.0843,02-Aug-2018 04:46:08,-0.3868,2,4,,,,,-0.206015981813611
02-Aug-2018 04:46:52,302030,47.9690474908291,-129.09291025511,0.596563,0.596250022919171,1.59567481519795,02-Aug-2018 04:46:52,0.0393,02-Aug-2018 04:46:53,-0.0506,02-Aug-2018 04:46:53,-0.6728,02-Aug-2018 04:46:52,-0.0005,02-Aug-2018 04:46:53,0.1473,02-Aug-2018 04:46:52,-0.0142,02-Aug-2018 04:46:53,-0.0289,02-Aug-2018 04:46:52,-0.4823,3,5,,,,,0.204122901070978
02-Aug-2018 04:46:50,302031,47.933098885744,-128.695618426081,3.00937,0.0428174458874544,4.7919187962727,02-Aug-2018 04:46:55,0.1011,02-Aug-2018 04:46:59,0.1073,02-Aug-2018 04:46:59,-0.1262,02-Aug-2018 04:46:55,-0.0265,02-Aug-2018 04:46:59,0.1037,02-Aug-2018 04:46:55,-0.0290,02-Aug-2018 04:46:59,-0.0903,02-Aug-2018 04:46:58,-0.6374,3,5,,,,,0.843731148934758
02-Aug-2018 04:47:20,302032,47.9681224236149,-129.08877408938,0.375547,0.118160546750582,1.51396360464651,02-Aug-2018 04:47:21,0.0517,02-Aug-2018 04:47:22,-0.0389,,,02-Aug-2018 04:47:21,0.0750,02-Aug-2018 04:47:21,0.0054,02-Aug-2018 04:47:21,-0.0315,02-Aug-2018 04:47:22,-0.1692,02-Aug-2018 04:47:21,-0.2332,3,4,,,,,0.103301272683145
02-Aug-2018 04:49:34,302033,47.9697751484939,-129.090477759202,0.596563,0.667743924868883,1.72423963744949,02-Aug-2018 04:49:35,0.0218,02-Aug-2018 04:49:36,0.0160,,,02-Aug-2018 04:49:34,0.0000,02-Aug-2018 04:49:35,0.1001,,,02-Aug-2018 04:49:36,-0.0576,02-Aug-2018 04:49:34,-0.4154,2,4,,,,,-0.0143273772367056
02-Aug-2018 06:25:28,302036,47.9526320145875,-128.970336357924,2.99031,0.0428892302651818,4.48641423080397,02-Aug-2018 06:25:30,0.0531,02-Aug-2018 06:25:32,0.7443,,,02-Aug-2018 06:25:30,0.0003,02-Aug-2018 06:25:31,0.1776,,,02-Aug-2018 06:25:32,-0.0134,02-Aug-2018 06:25:31,-0.1625,3,3,02-Aug-2018 06:25:30,-0.1001,,,0.447143070859543
02-Aug-2018 07:14:03,302038,48.0405977289401,-129.06258174273,3.00031,0.0428111710839763,4.96808209281622,,,02-Aug-2018 07:14:07,0.1023,,,02-Aug-2018 07:14:05,0.0014,02-Aug-2018 07:14:06,0.0725,02-Aug-2018 07:14:05,-0.0010,,,02-Aug-2018 07:14:06,-0.1774,2,3,,,,,0.690761027472142
02-Aug-2018 07:23:10,302040,48.000396742124,-129.15554655354,2.99031,0.042859942453918,2.93282979499131,02-Aug-2018 07:23:12,0.0133,02-Aug-2018 07:23:13,0.3981,02-Aug-2018 07:23:13,-0.9154,,,02-Aug-2018 07:23:13,-0.1324,02-Aug-2018 07:23:11,-0.0067,,,02-Aug-2018 07:23:12,-0.2846,2,4,,,,,0.421391684672088
02-Aug-2018 08:29:40,302041,48.2845665137164,-129.126507890538,2.99031,0.0428030417226637,6.83526764498474,02-Aug-2018 08:29:46,0.0468,02-Aug-2018 08:29:51,0.1526,02-Aug-2018 08:29:51,0.0241,02-Aug-2018 08:29:45,-0.1408,02-Aug-2018 08:29:50,0.2041,02-Aug-2018 08:29:46,0.0009,02-Aug-2018 08:29:50,-0.1432,02-Aug-2018 08:29:50,-0.2780,4,5,,,02-Aug-2018 08:29:46,0.0302,1.35522506557879
02-Aug-2018 10:36:04,302043,48.0225571156302,-129.066179625941,2.00969,0.0288662895474743,4.64018855070799,,,02-Aug-2018 10:36:07,-0.0508,,,02-Aug-2018 10:36:05,0.0055,02-Aug-2018 10:36:06,0.1388,02-Aug-2018 10:36:05,-0.0111,02-Aug-2018 10:36:07,0.2140,02-Aug-2018 10:36:06,-0.2700,2,4,,,,,0.252445610143317
02-Aug-2018 10:59:32,302044,47.9182009627916,-129.039805503905,2.99031,0.0431656747453713,1.73845772649201,,,02-Aug-2018 10:59:34,-0.0173,02-Aug-2018 10:59:34,-0.0566,02-Aug-2018 10:59:33,-0.0078,02-Aug-2018 10:59:34,0.0554,,,02-Aug-2018 10:59:35,0.2685,02-Aug-2018 10:59:34,-0.3543,2,5,,,02-Aug-2018 10:59:33,0.0043,0.67821475526965
02-Aug-2018 11:12:28,302045,47.9638020405927,-129.082629373384,1.19313,0.910659839040616,2.09726420066189,02-Aug-2018 11:12:29,0.0532,02-Aug-2018 11:12:29,-0.1699,,,02-Aug-2018 11:12:28,-0.0062,02-Aug-2018 11:12:29,-0.0157,,,02-Aug-2018 11:12:30,0.0132,02-Aug-2018 11:12:28,-0.7870,2,3,,,,,-0.242963438921342
02-Aug-2018 12:27:31,302046,47.980470474852,-128.955700109641,3.00031,0.0429796857350224,2.6404800981441,02-Aug-2018 12:27:33,0.0035,02-Aug-2018 12:27:35,0.0705,02-Aug-2018 12:27:36,-0.1699,02-Aug-2018 12:27:33,0.0123,02-Aug-2018 12:27:35,0.2830,,,02-Aug-2018 12:27:36,0.1378,02-Aug-2018 12:27:34,-0.4362,3,5,02-Aug-2018 12:27:33,-0.1124,,,0.528268037290138
02-Aug-2018 13:11:41,302048,48.0284958664504,-129.04190815812,1.99063,0.0289272065552106,2.91149563804276,,,02-Aug-2018 13:11:45,0.1502,,,02-Aug-2018 13:11:42,-0.0658,02-Aug-2018 13:11:44,0.3063,,,02-Aug-2018 13:11:45,0.0893,02-Aug-2018 13:11:44,-0.2409,2,4,,,02-Aug-2018 13:11:43,0.0331,0.370492070338429
02-Aug-2018 13:30:10,302049,47.9136003570173,-129.037733774776,2.00937,0.0288785071135287,7.06796047877155,,,02-Aug-2018 13:30:14,0.8261,,,02-Aug-2018 13:30:12,0.0009,02-Aug-2018 13:30:13,0.0207,02-Aug-2018 13:30:12,-0.0020,02-Aug-2018 13:30:13,0.0119,02-Aug-2018 13:30:13,-0.1281,2,3,,,,,0.504228818942222
02-Aug-2018 13:30:33,302050,48.0346908408026,-129.123862032087,2.99031,0.0429808882844984,1.86470673085479,02-Aug-2018 13:30:34,0.0136,02-Aug-2018 13:30:36,0.0074,,,02-Aug-2018 13:30:34,0.0091,02-Aug-2018 13:30:35,0.0295,02-Aug-2018 13:30:34,-0.0154,02-Aug-2018 13:30:36,0.0375,02-Aug-2018 13:30:35,-0.3472,3,4,,,,,0.867361977511269
02-Aug-2018 13:47:49,302051,47.9675154671739,-129.086306593047,0.291094,0.169742859227229,1.53150100631101,02-Aug-2018 13:47:50,0.0740,02-Aug-2018 13:47:51,-0.0509,,,02-Aug-2018 13:47:50,0.0065,02-Aug-2018 13:47:50,-0.0224,02-Aug-2018 13:47:50,0.0511,02-Aug-2018 13:47:51,-0.0505,02-Aug-2018 13:47:49,-0.2664,3,4,,,,,0.232069914120299
02-Aug-2018 13:50:36,302053,47.9627960714878,-129.09471694226,0.801406,0.316545782110983,1.5330263148414,02-Aug-2018 13:50:37,0.0275,02-Aug-2018 13:50:37,-0.1364,,,02-Aug-2018 13:50:37,0.1016,02-Aug-2018 13:50:37,0.0755,02-Aug-2018 13:50:37,-0.0064,02-Aug-2018 13:50:37,0.0921,02-Aug-2018 13:50:36,-0.5080,4,4,02-Aug-2018 13:50:36,-0.0154,,,-0.123456737055401
02-Aug-2018 14:48:07,302054,47.9666882880011,-129.089888931088,0.596563,0.43424476009585,1.57749878481882,02-Aug-2018 14:48:07,0.0749,02-Aug-2018 14:48:08,-0.1382,,,02-Aug-2018 14:48:07,0.0241,02-Aug-2018 14:48:08,0.0300,02-Aug-2018 14:48:07,-0.0269,02-Aug-2018 14:48:08,0.0445,02-Aug-2018 14:48:07,-0.4185,3,4,,,,,0.171009566520688
02-Aug-2018 14:56:43,302055,47.964067781008,-129.093738149859,0.797813,0.400579238578526,1.57368876983943,02-Aug-2018 14:56:44,0.0096,02-Aug-2018 14:56:44,-0.1810,,,02-Aug-2018 14:56:44,0.0960,02-Aug-2018 14:56:44,0.0996,02-Aug-2018 14:56:44,0.0022,02-Aug-2018 14:56:44,-0.0215,02-Aug-2018 14:56:43,-0.4837,3,4,,,,,-0.215925970357388
02-Aug-2018 14:57:02,302056,47.9626138080454,-129.096417305897,1.12125,0.729716025622691,1.56327008932336,02-Aug-2018 14:57:02,0.0112,02-Aug-2018 14:57:03,-0.1038,02-Aug-2018 14:57:04,-0.0389,02-Aug-2018 14:57:02,0.0060,02-Aug-2018 14:57:03,-0.0171,02-Aug-2018 14:57:02,0.0007,02-Aug-2018 14:57:03,-0.0059,02-Aug-2018 14:57:02,-0.7270,4,5,,,02-Aug-2018 14:57:03,-0.0139,0.183373182600397
02-Aug-2018 15:44:42,302057,47.935506047031,-129.073590846895,1.99063,0.0290430533662744,1.68340931144391,02-Aug-2018 15:44:42,-0.0126,02-Aug-2018 15:44:43,-0.1060,02-Aug-2018 15:44:43,-0.1435,02-Aug-2018 15:44:43,0.0106,02-Aug-2018 15:44:44,-0.0246,,,02-Aug-2018 15:44:44,0.2254,,,3,4,,,02-Aug-2018 15:44:43,0.0097,0.457370434672136
02-Aug-2018 16:08:30,302058,47.9688638612656,-129.064606481831,0.37375,0.877077113541797,2.19654277942286,02-Aug-2018 16:08:31,0.0062,02-Aug-2018 16:08:32,-0.0170,,,02-Aug-2018 16:08:30,-0.0011,02-Aug-2018 16:08:31,0.0025,,,02-Aug-2018 16:08:32,-0.0077,,,2,3,,,,,-0.110305263323001
02-Aug-2018 17:17:02,302059,47.9587939001571,-129.093641098599,0.600156,0.281072843463064,1.53633874126053,,,02-Aug-2018 17:17:03,-0.1760,02-Aug-2018 17:17:05,0.3457,02-Aug-2018 17:17:03,0.0313,02-Aug-2018 17:17:03,-0.1520,02-Aug-2018 17:17:03,0.0269,02-Aug-2018 17:17:04,-0.1125,02-Aug-2018 17:17:03,-0.7328,3,5,,,02-Aug-2018 17:17:03,0.0419,0.434688953566845
02-Aug-2018 18:05:12,302060,47.9559854340171,-129.095665186799,1.40156,0.498749494051344,1.56458315263549,02-Aug-2018 18:05:12,0.0188,02-Aug-2018 18:05:13,-0.0646,02-Aug-2018 18:05:13,-0.4582,02-Aug-2018 18:05:13,0.0591,02-Aug-2018 18:05:13,-0.0168,02-Aug-2018 18:05:12,0.0051,02-Aug-2018 18:05:13,0.0109,02-Aug-2018 18:05:13,-0.3663,3,5,,,,,0.409830193541332
02-Aug-2018 18:51:07,302061,47.9878162224737,-129.01204809942,2.99031,0.0429968692765077,2.67822777271638,,,02-Aug-2018 18:51:10,0.1221,02-Aug-2018 18:51:10,-0.1347,02-Aug-2018 18:51:08,0.0080,02-Aug-2018 18:51:09,-0.0348,,,02-Aug-2018 18:51:10,0.0285,,,1,4,,,,,0.517823531558957
02-Aug-2018 19:45:22,302063,47.7736061698281,-128.74818178473,2.99031,0.0429077277940388,8.89560156662547,02-Aug-2018 19:45:27,-0.0029,02-Aug-2018 19:45:32,-0.0610,02-Aug-2018 19:45:32,0.0536,,,02-Aug-2018 19:45:32,0.2213,,,02-Aug-2018 19:45:33,0.2207,02-Aug-2018 19:45:32,-0.2571,1,5,,,,,0.818908454894178
02-Aug-2018 19:59:57,302065,47.9680394208342,-129.081551855004,0.215625,0.539698615001517,1.83025618701208,02-Aug-2018 19:59:58,0.0582,02-Aug-2018 19:59:59,-0.0865,02-Aug-2018 19:59:59,-0.8116,02-Aug-2018 19:59:57,0.0019,02-Aug-2018 19:59:58,0.0177,,,02-Aug-2018 19:59:59,0.0382,02-Aug-2018 19:59:57,0.0120,3,4,02-Aug-2018 19:59:57,-0.0923,,,-0.198387547725771
02-Aug-2018 20:07:03,302066,47.9635198175762,-129.099934284296,1.00625,0.682806133988244,1.77200838685534,,,02-Aug-2018 20:07:04,0.1386,,,,,02-Aug-2018 20:07:04,0.0715,02-Aug-2018 20:07:03,0.1624,02-Aug-2018 20:07:04,-0.1342,02-Aug-2018 20:07:03,-0.3401,1,4,,,,,-0.158597595976779
02-Aug-2018 22:31:04,302067,47.8883311460262,-128.778705035819,3.00969,0.0428325666504752,6.16539879391114,,,02-Aug-2018 22:31:11,0.1567,,,,,02-Aug-2018 22:31:11,0.1854,,,02-Aug-2018 22:31:11,-0.1498,02-Aug-2018 22:31:11,-0.1933,2,4,02-Aug-2018 22:31:08,-0.0419,02-Aug-2018 22:31:08,0.0145,0.740070843591592
02-Aug-2018 22:52:26,302069,47.9719361705826,-129.09580005481,0.9775,0.659034330306897,1.81215231600296,02-Aug-2018 22:52:27,0.0461,02-Aug-2018 22:52:27,-0.1595,,,02-Aug-2018 22:52:27,-0.0065,02-Aug-2018 22:52:27,-0.0027,,,02-Aug-2018 22:52:27,-0.1768,02-Aug-2018 22:52:26,-0.6670,2,4,,,,,-0.188499709552802
03-Aug-2018 00:08:00,345294,47.9587393295049,-129.096278018237,1.19313,0.954320804015137,1.6209485552027,03-Aug-2018 00:08:00,-0.0017,,,,,03-Aug-2018 00:08:01,0.0348,03-Aug-2018 00:08:01,-0.0090,03-Aug-2018 00:08:01,0.0115,03-Aug-2018 00:08:01,-0.0184,03-Aug-2018 00:08:00,-0.7461,3,2,,,,,0.0465960398671648
03-Aug-2018 01:04:11,345296,47.9621294797069,-129.095853481256,0.797813,0.54577175685158,1.56582372835978,03-Aug-2018 01:04:12,-0.0108,03-Aug-2018 01:04:12,0.0069,,,03-Aug-2018 01:04:12,0.0963,03-Aug-2018 01:04:13,0.0568,03-Aug-2018 01:04:12,-0.0239,03-Aug-2018 01:04:13,0.1126,03-Aug-2018 01:04:12,-0.2976,3,4,,,,,-0.231695018294365
03-Aug-2018 01:35:08,345297,47.9373707438359,-129.095707922207,1.22188,0.712679463545334,1.74074203048427,03-Aug-2018 01:35:08,0.0034,03-Aug-2018 01:35:09,-0.1019,03-Aug-2018 01:35:09,-0.0175,,,03-Aug-2018 01:35:10,-0.1479,03-Aug-2018 01:35:09,0.0232,03-Aug-2018 01:35:09,-0.0270,03-Aug-2018 01:35:09,-0.8510,3,4,,,03-Aug-2018 01:35:08,-0.0445,-0.143257960840799
03-Aug-2018 01:57:03,345298,47.9202565321915,-129.054755396743,1.99031,0.0289072781734714,4.83035224117974,,,,,,,03-Aug-2018 01:57:04,-0.0123,03-Aug-2018 01:57:06,0.1289,03-Aug-2018 01:57:05,0.0224,03-Aug-2018 01:57:06,-0.1220,03-Aug-2018 01:57:05,-0.1060,2,3,,,,,0.307075283440767
03-Aug-2018 01:57:41,345299,47.9418625944747,-129.07197466207,1.99031,0.0289876156831896,1.74301506336393,,,03-Aug-2018 01:57:42,-0.3281,03-Aug-2018 01:57:43,-0.0995,03-Aug-2018 01:57:42,0.0559,03-Aug-2018 01:57:42,-0.3655,,,03-Aug-2018 01:57:43,0.2093,03-Aug-2018 01:57:42,-0.5545,1,5,,,,,0.0884623977650332
03-Aug-2018 02:00:16,345300,48.0199879521586,-129.11408909808,1.99063,0.0288955029425952,1.88574602697874,,,03-Aug-2018 02:00:19,0.1664,,,03-Aug-2018 02:00:17,0.0540,03-Aug-2018 02:00:19,0.2071,03-Aug-2018 02:00:17,-0.0576,03-Aug-2018 02:00:19,0.0837,03-Aug-2018 02:00:18,-0.2215,2,4,,,,,0.468765329560771
03-Aug-2018 02:15:34,345301,48.0216877838911,-129.108407218209,2.00594,0.0292232642054586,2.19006132068508,03-Aug-2018 02:15:36,0.0126,03-Aug-2018 02:15:37,0.0743,,,,,03-Aug-2018 02:15:37,0.1348,03-Aug-2018 02:15:36,-0.0115,03-Aug-2018 02:15:37,0.1004,03-Aug-2018 02:15:36,-0.2062,2,4,,,,,1.24521450049856
03-Aug-2018 02:15:34,345302,48.0245999085001,-129.098666064362,2.00031,0.0289387961506689,3.37860659194962,03-Aug-2018 02:15:36,0.0031,03-Aug-2018 02:15:37,0.0426,03-Aug-2018 02:15:38,0.0520,,,03-Aug-2018 02:15:37,0.1417,,,03-Aug-2018 02:15:38,1.1179,03-Aug-2018 02:15:36,-0.2088,1,5,,,,,0.982059590033881
03-Aug-2018 02:54:24,345304,47.966612577799,-129.089595112224,0.323438,1.02632567597952,1.86868532487707,,,03-Aug-2018 02:54:25,-0.0327,,,03-Aug-2018 02:54:24,0.0340,03-Aug-2018 02:54:25,0.0967,,,03-Aug-2018 02:54:25,-0.1484,03-Aug-2018 02:54:24,-0.3269,1,4,,,,,-0.174304279126483
03-Aug-2018 03:21:46,345305,47.9612521672321,-129.095514109078,0.790625,0.712630182387439,1.77340534410479,03-Aug-2018 03:21:46,0.0295,03-Aug-2018 03:21:47,-0.1147,,,03-Aug-2018 03:21:46,0.0479,03-Aug-2018 03:21:47,0.0701,,,03-Aug-2018 03:21:47,0.1606,03-Aug-2018 03:21:46,-0.5156,2,4,,,,,0.0428409525908506
03-Aug-2018 03:22:14,345306,47.9626138080454,-129.096417305897,0.60375,0.638792670318412,1.60256550040429,03-Aug-2018 03:22:15,-0.0092,03-Aug-2018 03:22:15,-0.1416,03-Aug-2018 03:22:16,0.1618,03-Aug-2018 03:22:15,0.0365,03-Aug-2018 03:22:15,0.0183,03-Aug-2018 03:22:15,0.0138,03-Aug-2018 03:22:15,-0.1258,03-Aug-2018 03:22:15,-0.2919,3,5,,,,,0.180292678033551
03-Aug-2018 03:28:49,345307,47.9590146534634,-129.092086635274,1.30813,1.06801987833289,2.04692292055428,03-Aug-2018 03:28:49,0.0056,03-Aug-2018 03:28:50,-0.0501,03-Aug-2018 03:28:50,-0.2694,03-Aug-2018 03:28:49,0.0615,03-Aug-2018 03:28:50,-0.0271,,,03-Aug-2018 03:28:50,0.0062,03-Aug-2018 03:28:49,-0.2891,2,5,,,,,0.117126547947995
03-Aug-2018 04:48:50,345308,47.9179738124907,-129.129947503698,1.99031,0.0288739124435293,2.04302035740296,,,03-Aug-2018 04:48:52,-0.0677,,,03-Aug-2018 04:48:51,0.0027,03-Aug-2018 04:48:52,-0.7047,,,03-Aug-2018 04:48:52,-0.0854,03-Aug-2018 04:48:53,0.1484,1,4,,,,,0.301227472261722
03-Aug-2018 05:41:57,345310,47.8657024864536,-129.20397294668,2.99031,0.0429554691205918,2.4145953377701,03-Aug-2018 05:41:59,0.0605,03-Aug-2018 05:42:01,0.0147,03-Aug-2018 05:42:00,-0.1800,03-Aug-2018 05:41:59,-0.0236,03-Aug-2018 05:42:02,0.1343,03-Aug-2018 05:41:59,-0.0235,03-Aug-2018 05:42:01,0.5882,03-Aug-2018 05:42:01,-0.3101,4,5,,,03-Aug-2018 05:41:59,-0.0204,0.636300084225251
03-Aug-2018 05:47:22,345311,47.9604011875131,-129.100537664198,0.797813,0.658661887760125,1.57483282575564,03-Aug-2018 05:47:22,-0.0170,03-Aug-2018 05:47:22,0.0221,,,03-Aug-2018 05:47:22,0.1414,03-Aug-2018 05:47:23,0.0911,03-Aug-2018 05:47:22,-0.0105,03-Aug-2018 05:47:23,0.0219,03-Aug-2018 05:47:22,-0.2637,3,4,,,,,-0.0685624130166076
03-Aug-2018 06:20:34,345313,47.9146888547336,-129.047188488681,2.99031,0.0428139365996594,2.08216544661964,,,03-Aug-2018 06:20:37,-0.0335,03-Aug-2018 06:20:37,-0.0025,,,03-Aug-2018 06:20:37,-0.0082,,,03-Aug-2018 06:20:37,0.0824,03-Aug-2018 06:20:36,-0.7907,1,4,,,03-Aug-2018 06:20:35,0.0017,0.244696792939896
03-Aug-2018 06:24:45,345314,47.9669732739564,-129.094935649022,1.02063,0.866918979093937,1.80238579060556,03-Aug-2018 06:24:46,0.0609,03-Aug-2018 06:24:46,-0.1852,,,03-Aug-2018 06:24:45,0.0015,03-Aug-2018 06:24:46,-0.0096,03-Aug-2018 06:24:46,-0.0077,03-Aug-2018 06:24:46,0.1564,03-Aug-2018 06:24:45,-0.6122,3,4,,,,,-0.150760811485124
03-Aug-2018 06:46:05,345315,47.9661117260317,-129.092907679154,0.797813,0.533237919330692,1.58970610181686,03-Aug-2018 06:46:06,0.0464,03-Aug-2018 06:46:06,-0.0570,,,03-Aug-2018 06:46:05,0.0341,03-Aug-2018 06:46:06,0.0229,03-Aug-2018 06:46:06,-0.0765,03-Aug-2018 06:46:06,0.0136,03-Aug-2018 06:46:05,-0.5878,3,4,,,,,-0.0542365440515429
03-Aug-2018 07:31:38,345316,47.9715760324783,-129.090457270051,0.0359375,0.631571853717872,1.76989182328009,03-Aug-2018 07:31:39,0.0335,03-Aug-2018 07:31:40,-0.1411,,,03-Aug-2018 07:31:39,0.0032,03-Aug-2018 07:31:39,0.0062,,,,,03-Aug-2018 07:31:39,0.0028,3,3,03-Aug-2018 07:31:38,-0.0773,,,-0.161399189632926
03-Aug-2018 07:49:11,345317,48.0202311524009,-129.113278249381,1.99031,0.0288648608933266,1.79729403091707,03-Aug-2018 07:49:13,0.0006,03-Aug-2018 07:49:14,0.0997,03-Aug-2018 07:49:15,0.0846,03-Aug-2018 07:49:12,0.0220,03-Aug-2018 07:49:14,0.1199,03-Aug-2018 07:49:13,-0.0102,03-Aug-2018 07:49:14,0.0987,03-Aug-2018 07:49:13,-0.2402,4,5,,,03-Aug-2018 07:49:13,-0.0562,0.998514627301857
03-Aug-2018 07:49:45,345319,48.0256236636581,-129.106157643224,1.99031,0.0290407873017136,2.28100529926996,,,03-Aug-2018 07:49:48,-0.0159,,,03-Aug-2018 07:49:46,-0.0028,03-Aug-2018 07:49:47,0.0729,,,03-Aug-2018 07:49:48,0.0142,03-Aug-2018 07:49:47,-0.2873,1,4,,,,,0.60328993498613
03-Aug-2018 07:51:59,345322,48.0181713234199,-129.115800309775,1.99031,0.0290337981286921,1.82827139823361,03-Aug-2018 07:52:00,-0.0103,03-Aug-2018 07:52:02,0.1930,03-Aug-2018 07:52:01,-0.6094,03-Aug-2018 07:52:00,0.0138,03-Aug-2018 07:52:01,0.1521,03-Aug-2018 07:52:00,-0.0032,03-Aug-2018 07:52:01,0.2478,03-Aug-2018 07:52:01,-0.2365,4,5,,,03-Aug-2018 07:52:00,-0.0134,1.01409955525812
03-Aug-2018 08:01:47,345323,47.9639167016108,-129.093151781723,0.797813,0.484568554245768,1.59930250548875,03-Aug-2018 08:01:47,0.0133,03-Aug-2018 08:01:48,-0.1100,,,03-Aug-2018 08:01:47,0.1205,03-Aug-2018 08:01:48,0.0175,03-Aug-2018 08:01:47,0.0023,03-Aug-2018 08:01:48,0.1643,03-Aug-2018 08:01:47,-0.1841,4,4,03-Aug-2018 08:01:47,-0.0094,,,-0.172960261558318
03-Aug-2018 09:51:07,345324,47.9617080128163,-129.092901700668,2.04125,0.927141456809391,2.21931991676166,,,03-Aug-2018 09:51:09,0.8230,03-Aug-2018 09:51:08,-0.6768,03-Aug-2018 09:51:08,0.0329,03-Aug-2018 09:51:08,0.0148,,,,,03-Aug-2018 09:51:08,-0.1197,2,4,03-Aug-2018 09:51:08,-0.0699,,,-0.13404650270423
03-Aug-2018 11:08:02,345325,47.9770901748794,-128.670094541416,3.00937,0.0428283854023075,12.5594783288058,03-Aug-2018 11:08:07,0.0057,03-Aug-2018 11:08:11,-0.0664,03-Aug-2018 11:08:11,0.0359,,,,,,,03-Aug-2018 11:08:11,0.0576,03-Aug-2018 11:08:10,-0.4824,1,4,,,,,
03-Aug-2018 11:49:59,345327,47.950998194598,-129.082886126754,1.99031,0.0289120698731468,1.55244253852728,,,03-Aug-2018 11:50:00,-0.3109,03-Aug-2018 11:50:01,-0.0575,03-Aug-2018 11:50:00,0.0095,03-Aug-2018 11:50:01,-0.0919,03-Aug-2018 11:50:00,0.0836,03-Aug-2018 11:50:01,0.2394,03-Aug-2018 11:50:00,-0.4741,3,5,,,03-Aug-2018 11:50:00,0.0491,0.323092506717373
03-Aug-2018 14:58:28,345328,47.9427625654181,-129.088598123307,1.39438,0.887243245126537,1.90691617681795,03-Aug-2018 14:58:28,0.0758,03-Aug-2018 14:58:28,-0.0912,03-Aug-2018 14:58:29,-0.0864,,,03-Aug-2018 14:58:29,-0.1954,,,03-Aug-2018 14:58:29,0.1766,,,1,4,,,,,0.0411513268332708
03-Aug-2018 15:27:02,345329,47.9269576752738,-129.097788528044,0.797813,0.372223409995619,1.63892179713596,03-Aug-2018 15:27:02,-0.0417,03-Aug-2018 15:27:03,-0.1086,03-Aug-2018 15:27:02,-0.0838,,,03-Aug-2018 15:27:04,-0.1844,03-Aug-2018 15:27:03,0.1962,03-Aug-2018 15:27:03,-0.1769,,,3,4,,,03-Aug-2018 15:27:02,0.0086,-0.100130214055174
03-Aug-2018 15:30:09,345330,47.9626429077756,-129.097408922324,1.02063,0.785246545723064,1.66741673604643,03-Aug-2018 15:30:10,0.0083,03-Aug-2018 15:30:10,-0.0848,,,03-Aug-2018 15:30:10,0.0593,03-Aug-2018 15:30:10,-0.0621,03-Aug-2018 15:30:10,-0.0244,03-Aug-2018 15:30:10,0.1116,03-Aug-2018 15:30:09,-0.6319,3,4,,,,,-0.153879220134085
03-Aug-2018 15:30:23,345331,47.7819683874069,-129.106775704322,2.99969,0.0428201787263894,3.873171622882,03-Aug-2018 15:30:26,-0.0143,03-Aug-2018 15:30:29,-0.3104,03-Aug-2018 15:30:28,-0.0966,,,03-Aug-2018 15:30:30,0.4428,,,03-Aug-2018 15:30:30,0.6996,,,2,4,,,03-Aug-2018 15:30:26,0.0063,0.737926867846259
03-Aug-2018 16:09:31,345332,47.891909179472,-128.629997683639,3.00969,0.0428084578487153,7.84744112634562,,,03-Aug-2018 16:09:42,0.7546,03-Aug-2018 16:09:42,-0.0417,,,03-Aug-2018 16:09:42,0.2287,,,03-Aug-2018 16:09:42,-0.2168,03-Aug-2018 16:09:41,-0.1980,1,5,,,03-Aug-2018 16:09:37,0.0001,0.963743565330905
03-Aug-2018 16:19:09,345333,47.9279831674606,-129.103082297283,1.39438,0.361157491259502,1.59077561835988,03-Aug-2018 16:19:09,0.0551,03-Aug-2018 16:19:10,-0.0146,03-Aug-2018 16:19:10,-0.2113,,,03-Aug-2018 16:19:11,-0.0788,03-Aug-2018 16:19:10,0.0079,03-Aug-2018 16:19:11,0.0622,03-Aug-2018 16:19:10,-0.5072,3,5,,,03-Aug-2018 16:19:09,0.0438,0.183808400404615
03-Aug-2018 17:04:02,345334,48.0993352525951,-128.831911834575,2.99031,0.0429922298618539,6.63603280990749,03-Aug-2018 17:04:06,-0.0052,03-Aug-2018 17:04:09,-0.4024,03-Aug-2018 17:04:10,0.0815,,,03-Aug-2018 17:04:09,-0.3998,,,03-Aug-2018 17:04:10,0.0606,,,1,4,,,,,
03-Aug-2018 17:06:47,345335,47.9406707104282,-129.094496359924,1.42313,0.75241064171177,1.64747360184362,03-Aug-2018 17:06:48,0.0167,03-Aug-2018 17:06:48,-0.1525,03-Aug-2018 17:06:49,-0.0730,03-Aug-2018 17:06:48,-0.0209,03-Aug-2018 17:06:49,0.1084,03-Aug-2018 17:06:48,-0.0689,03-Aug-2018 17:06:49,0.0892,,,4,4,,,03-Aug-2018 17:06:48,0.0140,0.0726860491454371
03-Aug-2018 17:51:14,345336,48.0724374623337,-128.995135553285,2.99938,0.0428153008021845,7.50084847045759,,,03-Aug-2018 17:51:19,0.0002,,,03-Aug-2018 17:51:16,0.0032,03-Aug-2018 17:51:18,0.1885,,,03-Aug-2018 17:51:19,0.0194,03-Aug-2018 17:51:18,-0.2117,1,4,,,,,
03-Aug-2018 17:52:11,345337,47.9725733152853,-129.093670243836,0.00359375,1.07984957047824,2.10343293529594,03-Aug-2018 17:52:12,0.0550,03-Aug-2018 17:52:13,0.0046,,,03-Aug-2018 17:52:12,-0.0119,03-Aug-2018 17:52:12,0.0256,03-Aug-2018 17:52:12,-0.0325,03-Aug-2018 17:52:13,-0.0124,03-Aug-2018 17:52:12,-0.0210,3,4,,,,,0.29630759278681
03-Aug-2018 17:52:29,345338,48.0767703962511,-128.778163241943,2.99125,0.0429858055020977,12.8045704933139,03-Aug-2018 17:52:33,-0.0036,03-Aug-2018 17:52:37,0.1212,03-Aug-2018 17:52:38,0.4920,,,03-Aug-2018 17:52:37,0.3037,,,03-Aug-2018 17:52:37,0.0722,03-Aug-2018 17:52:36,-0.1780,1,4,,,,,
03-Aug-2018 17:53:06,345339,47.9719672920785,-129.09460458489,0.0071875,1.06395009024941,2.1588883238704,03-Aug-2018 17:53:07,0.0988,03-Aug-2018 17:53:08,0.0497,,,03-Aug-2018 17:53:07,-0.0030,03-Aug-2018 17:53:08,0.0636,03-Aug-2018 17:53:07,-0.0354,03-Aug-2018 17:53:08,0.0210,03-Aug-2018 17:53:07,-0.0167,3,4,,,,,0.255173300250965
03-Aug-2018 17:55:13,345340,47.9712716449279,-129.093657897674,0.0071875,1.17855167429228,2.37835164442587,,,03-Aug-2018 17:55:15,0.1173,,,03-Aug-2018 17:55:14,-0.0226,03-Aug-2018 17:55:15,0.0321,,,03-Aug-2018 17:55:15,-0.1093,03-Aug-2018 17:55:14,0.0006,2,4,03-Aug-2018 17:55:14,0.0104,,,0.14086628571266
03-Aug-2018 17:56:38,345341,47.9722857341233,-129.094087002781,0.0071875,0.913797325046623,1.97055233885372,03-Aug-2018 17:56:39,0.0700,03-Aug-2018 17:56:40,0.0035,,,03-Aug-2018 17:56:38,-0.0132,03-Aug-2018 17:56:39,0.0806,03-Aug-2018 17:56:39,-0.0513,03-Aug-2018 17:56:40,-0.0125,03-Aug-2018 17:56:39,-0.0235,3,4,,,,,0.192042284652933
03-Aug-2018 18:21:43,345342,47.8821183396393,-128.672007211013,3.00281,0.0428080579599324,6.83501326910437,,,03-Aug-2018 18:21:52,0.0163,03-Aug-2018 18:21:52,-0.0107,,,03-Aug-2018 18:21:53,0.4847,,,03-Aug-2018 18:21:53,0.6590,03-Aug-2018 18:21:52,-0.1734,1,5,,,03-Aug-2018 18:21:48,0.0008,0.963875929155014
03-Aug-2018 19:25:59,345344,47.9670063869005,-129.089370122433,0.567813,0.286569669309254,1.55149511559903,03-Aug-2018 19:25:59,0.0401,03-Aug-2018 19:26:00,-0.1569,,,03-Aug-2018 19:25:59,0.0397,03-Aug-2018 19:26:00,-0.0007,03-Aug-2018 19:26:00,0.0178,03-Aug-2018 19:26:00,0.0168,03-Aug-2018 19:25:59,-0.4882,3,4,,,,,-0.0608050620623004
03-Aug-2018 19:29:00,345346,47.857550772355,-128.655985952647,3.00937,0.0428608807235395,18.1094838402035,,,03-Aug-2018 19:29:11,0.6594,,,,,03-Aug-2018 19:29:10,0.3125,,,03-Aug-2018 19:29:11,0.1229,03-Aug-2018 19:29:10,-0.2470,1,4,,,03-Aug-2018 19:29:06,0.0001,
03-Aug-2018 19:30:12,345347,47.9630593653936,-129.084565504846,0.797813,0.479163822595861,1.62992112907905,,,03-Aug-2018 19:30:13,-0.0617,,,03-Aug-2018 19:30:12,0.0307,03-Aug-2018 19:30:13,-0.0572,03-Aug-2018 19:30:13,0.0258,03-Aug-2018 19:30:14,0.0015,03-Aug-2018 19:30:12,-0.6433,2,4,,,,,-0.0507450060141021
03-Aug-2018 19:31:37,345348,47.9664022846298,-129.087025838539,0.596563,0.631549487086901,1.76772235983651,,,03-Aug-2018 19:31:39,-0.0598,03-Aug-2018 19:31:39,-0.8612,03-Aug-2018 19:31:38,0.0327,03-Aug-2018 19:31:38,-0.2591,03-Aug-2018 19:31:38,0.0446,03-Aug-2018 19:31:39,-0.0138,03-Aug-2018 19:31:38,-0.0949,3,4,03-Aug-2018 19:31:37,-0.2020,,,-0.162197227129361
03-Aug-2018 19:35:56,345349,47.9430619136334,-129.094138988573,1.46625,0.588304936396616,1.6974029230394,03-Aug-2018 19:35:56,0.0062,03-Aug-2018 19:35:56,-0.0592,03-Aug-2018 19:35:57,-0.0845,03-Aug-2018 19:35:56,0.0488,03-Aug-2018 19:35:57,-0.1134,03-Aug-2018 19:35:56,0.0060,03-Aug-2018 19:35:57,-0.0167,03-Aug-2018 19:35:57,-0.5378,3,5,,,,,-0.00142602539569481
03-Aug-2018 20:00:50,345350,47.965890919432,-129.081098580444,1.99031,0.0288561826447429,1.92058399504271,03-Aug-2018 20:00:50,0.0100,03-Aug-2018 20:00:51,-0.1049,,,,,03-Aug-2018 20:00:50,-0.1458,03-Aug-2018 20:00:50,0.0254,03-Aug-2018 20:00:51,-0.0434,03-Aug-2018 20:00:50,-0.1387,2,4,,,,,-0.0792465410925995
03-Aug-2018 20:01:45,345351,47.9584985908921,-129.09490253865,0.610938,0.548567468828623,1.60413070846451,03-Aug-2018 20:01:46,-0.0222,03-Aug-2018 20:01:46,-0.0085,,,03-Aug-2018 20:01:46,0.1255,03-Aug-2018 20:01:47,0.0547,03-Aug-2018 20:01:46,0.0145,03-Aug-2018 20:01:47,-0.0312,03-Aug-2018 20:01:46,-0.3213,4,4,03-Aug-2018 20:01:46,-0.0285,,,-0.153866405575549
03-Aug-2018 21:35:59,345353,47.9379825405984,-129.084943887879,1.99031,0.0288689962113442,1.89004154598761,,,03-Aug-2018 21:36:00,0.1880,03-Aug-2018 21:36:00,-0.1835,,,,,03-Aug-2018 21:36:00,0.0123,,,03-Aug-2018 21:36:00,-0.2036,2,3,,,03-Aug-2018 21:36:00,0.1012,0.000682913952763542
03-Aug-2018 21:36:59,345354,47.9237576280878,-129.082316439572,2.00969,0.0289039596089908,2.30141662169929,03-Aug-2018 21:36:59,0.0524,03-Aug-2018 21:37:00,-0.0041,03-Aug-2018 21:37:00,0.0702,,,03-Aug-2018 21:37:01,0.0059,03-Aug-2018 21:37:00,-0.0066,03-Aug-2018 21:37:01,0.0063,03-Aug-2018 21:37:00,-0.8727,2,4,,,,,0.304613916625101
03-Aug-2018 21:51:20,345355,47.9732989818419,-129.094516604394,0.0071875,1.01526266848697,2.03913424859654,03-Aug-2018 21:51:20,-0.0058,03-Aug-2018 21:51:22,0.1034,,,03-Aug-2018 21:51:20,-0.0056,03-Aug-2018 21:51:21,0.1959,,,03-Aug-2018 21:51:22,-0.0787,03-Aug-2018 21:51:21,-0.0348,2,4,,,,,0.0794349926693751
03-Aug-2018 22:33:10,345356,47.9586759807476,-129.1008515879,0.999063,0.612434473881992,1.57175007347348,03-Aug-2018 22:33:11,0.0219,03-Aug-2018 22:33:11,-0.1021,03-Aug-2018 22:33:11,-0.9772,03-Aug-2018 22:33:11,0.1384,03-Aug-2018 22:33:12,-0.0130,03-Aug-2018 22:33:11,-0.0122,03-Aug-2018 22:33:12,0.2227,03-Aug-2018 22:33:11,-0.1555,3,4,,,,,-0.132992809800557
03-Aug-2018 22:42:40,345357,47.9684902177982,-129.087681784431,0.60375,0.546286481506991,1.77992812118252,,,03-Aug-2018 22:42:41,-0.0912,03-Aug-2018 22:42:41,-0.8553,03-Aug-2018 22:42:40,0.1603,03-Aug-2018 22:42:40,-0.1137,,,03-Aug-2018 22:42:40,-0.5372,03-Aug-2018 22:42:40,-0.1575,1,4,,,,,0.0564582629324377
03-Aug-2018 22:47:20,345358,47.9463001578499,-129.095315222865,1.13563,0.534181774052953,1.73153965153249,03-Aug-2018 22:47:21,0.0098,03-Aug-2018 22:47:21,-0.0241,03-Aug-2018 22:47:22,-0.0488,,,03-Aug-2018 22:47:22,-0.1080,03-Aug-2018 22:47:21,-0.0300,03-Aug-2018 22:47:22,0.0246,03-Aug-2018 22:47:21,-1.0018,2,4,,,,,-0.170603126170079
03-Aug-2018 22:52:22,345359,47.9382285149058,-129.075394468624,1.99031,0.0290802309641123,1.59706918953691,,,03-Aug-2018 22:52:23,-0.5071,03-Aug-2018 22:52:24,-0.0911,03-Aug-2018 22:52:23,0.0134,03-Aug-2018 22:52:24,-0.5573,03-Aug-2018 22:52:23,-0.0138,03-Aug-2018 22:52:24,0.1811,,,3,4,,,03-Aug-2018 22:52:23,0.0292,0.521360369698407
03-Aug-2018 22:57:27,345360,47.9530578427654,-129.080364297969,1.99031,0.0289618945765464,1.9043324357972,,,03-Aug-2018 22:57:28,0.0459,03-Aug-2018 22:57:28,-0.3991,03-Aug-2018 22:57:27,0.1810,,,,,03-Aug-2018 22:57:29,0.4931,03-Aug-2018 22:57:27,-0.6743,1,4,,,,,0.13825248956867
03-Aug-2018 23:05:39,345362,47.9367849692669,-129.045305018418,2.99031,0.0429153829977877,1.71374059211237,,,03-Aug-2018 23:05:41,-0.5738,03-Aug-2018 23:05:41,-0.2443,03-Aug-2018 23:05:40,-0.1050,03-Aug-2018 23:05:42,0.2194,03-Aug-2018 23:05:41,0.0833,03-Aug-2018 23:05:42,0.2926,,,3,4,,,03-Aug-2018 23:05:41,0.0521,0.744392881262687
03-Aug-2018 23:05:41,345363,47.888309193271,-128.868796387878,2.99031,0.042885361141618,3.21218648265459,03-Aug-2018 23:05:44,-0.0844,03-Aug-2018 23:05:46,-0.1139,03-Aug-2018 23:05:47,0.3224,03-Aug-2018 23:05:44,0.0006,,,03-Aug-2018 23:05:44,0.0725,03-Aug-2018 23:05:47,-0.2030,,,4,3,,,03-Aug-2018 23:05:44,0.0792,0.895209239524334
04-Aug-2018 03:04:44,302140,47.966612577799,-129.089595112224,0.294688,0.931633120185829,1.78259524787371,04-Aug-2018 03:04:44,0.0107,04-Aug-2018 03:04:45,-0.1261,,,04-Aug-2018 03:04:44,0.0244,04-Aug-2018 03:04:45,0.0437,04-Aug-2018 03:04:44,-0.0542,04-Aug-2018 03:04:45,-0.2318,04-Aug-2018 03:04:44,-0.3412,3,4,,,,,-0.278247063470772
04-Aug-2018 04:10:08,302141,47.9592440095794,-129.037832827466,2.99031,0.0429196215620382,1.7015619379516,04-Aug-2018 04:10:09,0.0404,04-Aug-2018 04:10:10,-0.0566,04-Aug-2018 04:10:10,-0.1082,04-Aug-2018 04:10:09,-0.0240,04-Aug-2018 04:10:10,-0.0058,,,04-Aug-2018 04:10:10,0.0691,,,3,4,,,04-Aug-2018 04:10:09,0.0161,1.03702002213734
04-Aug-2018 04:18:22,302142,48.2858137130728,-129.233986509376,3.00969,0.0428928162673547,5.85815599111188,,,04-Aug-2018 04:18:33,0.1423,,,04-Aug-2018 04:18:28,0.0259,04-Aug-2018 04:18:32,0.0280,,,04-Aug-2018 04:18:33,0.0740,04-Aug-2018 04:18:32,-0.1443,2,4,,,04-Aug-2018 04:18:28,-0.1025,1.63259100081109
04-Aug-2018 04:31:14,302144,47.938534415714,-129.06782752447,1.99125,0.0288922602885633,1.70700421332242,04-Aug-2018 04:31:15,0.0158,04-Aug-2018 04:31:15,-0.1542,04-Aug-2018 04:31:16,-0.1167,04-Aug-2018 04:31:15,-0.0146,04-Aug-2018 04:31:16,-0.0226,04-Aug-2018 04:31:15,0.0404,04-Aug-2018 04:31:16,0.2969,,,4,4,,,04-Aug-2018 04:31:15,0.0231,0.338127219148188
04-Aug-2018 04:46:50,302145,47.9654682339848,-129.078147185401,0.0071875,1.28422526907997,2.61445735149107,04-Aug-2018 04:46:51,-0.0186,04-Aug-2018 04:46:52,0.1421,,,04-Aug-2018 04:46:50,-0.0207,04-Aug-2018 04:46:51,0.0330,,,04-Aug-2018 04:46:52,-0.1383,04-Aug-2018 04:46:51,0.0161,2,4,,,,,0.0529085933719742
04-Aug-2018 04:55:23,302146,48.0439888644652,-129.05996699796,2.99938,0.0429904675310548,5.08660132207262,,,04-Aug-2018 04:55:27,0.0237,,,,,04-Aug-2018 04:55:26,0.2661,04-Aug-2018 04:55:25,0.0638,04-Aug-2018 04:55:27,0.0679,04-Aug-2018 04:55:26,-0.2951,2,4,04-Aug-2018 04:55:24,-0.1237,,,0.411150962934581
04-Aug-2018 05:19:32,302147,48.0227436620149,-129.045876273374,2.00031,0.0289027228949557,3.73191446807523,,,04-Aug-2018 05:19:35,0.1065,,,,,04-Aug-2018 05:19:35,0.3852,04-Aug-2018 05:19:34,0.0007,04-Aug-2018 05:19:35,0.0001,04-Aug-2018 05:19:34,-0.1047,1,4,,,,,0.54106620892172
04-Aug-2018 05:20:47,302149,47.968579718965,-129.090657250862,0.503125,0.589124626635268,1.69024264769251,,,04-Aug-2018 05:20:49,0.2171,,,04-Aug-2018 05:20:48,0.1449,04-Aug-2018 05:20:48,-0.0201,,,04-Aug-2018 05:20:49,-0.3048,04-Aug-2018 05:20:48,-0.0759,2,4,04-Aug-2018 05:20:48,-0.0607,,,-0.168575004174119
04-Aug-2018 05:22:12,302152,47.9220705466502,-128.991894704084,3.00969,0.0428187682267493,2.00864502689281,,,04-Aug-2018 05:22:15,0.3939,,,04-Aug-2018 05:22:13,0.0661,04-Aug-2018 05:22:15,-0.1730,04-Aug-2018 05:22:14,-0.0257,04-Aug-2018 05:22:15,-0.3013,04-Aug-2018 05:22:14,-0.4738,3,4,,,04-Aug-2018 05:22:13,-0.1474,0.928448982708337
04-Aug-2018 05:22:36,302153,47.9313367345076,-129.041699688966,2.99031,0.0434107046697658,1.76644502970717,,,,,04-Aug-2018 05:22:39,-0.1095,04-Aug-2018 05:22:38,0.0456,04-Aug-2018 05:22:39,0.1193,04-Aug-2018 05:22:38,0.0026,04-Aug-2018 05:22:39,0.0986,04-Aug-2018 05:22:38,-0.2124,3,4,04-Aug-2018 05:22:37,-0.1660,,,0.739630099263337
04-Aug-2018 05:34:42,302155,47.9674582410314,-129.093314653279,0.503125,0.861493466691883,1.73595684081966,04-Aug-2018 05:34:42,0.0072,04-Aug-2018 05:34:43,0.0146,,,04-Aug-2018 05:34:42,0.0075,04-Aug-2018 05:34:43,0.1262,04-Aug-2018 05:34:42,-0.0160,04-Aug-2018 05:34:43,-0.0807,04-Aug-2018 05:34:42,-0.1546,3,4,,,,,-0.114711586644308
04-Aug-2018 06:25:20,302156,47.970539535914,-129.102648091922,0.48875,1.54320328790581,2.58832897573696,04-Aug-2018 06:25:21,0.0523,04-Aug-2018 06:25:22,-0.0309,,,04-Aug-2018 06:25:21,-0.0070,04-Aug-2018 06:25:22,0.1009,,,04-Aug-2018 06:25:22,-0.0001,04-Aug-2018 06:25:21,-0.6941,2,4,,,,,-0.164996525035818
04-Aug-2018 06:40:25,302157,47.9255948178695,-129.099070744964,1.79688,0.660357210278486,1.89925918067057,04-Aug-2018 06:40:26,0.1294,04-Aug-2018 06:40:26,-0.0435,04-Aug-2018 06:40:26,-0.0043,,,,,04-Aug-2018 06:40:26,-0.0217,04-Aug-2018 06:40:27,0.1231,,,3,3,,,04-Aug-2018 06:40:25,0.0036,0.179807846460267
04-Aug-2018 06:56:30,302158,47.9724613565501,-129.091044527343,0.276719,0.447711710679133,1.66547258407736,04-Aug-2018 06:56:30,0.0674,04-Aug-2018 06:56:31,-0.0080,04-Aug-2018 06:56:32,-0.1711,04-Aug-2018 06:56:30,-0.0029,04-Aug-2018 06:56:31,0.0929,04-Aug-2018 06:56:30,-0.0333,04-Aug-2018 06:56:31,0.0610,04-Aug-2018 06:56:30,-0.0047,4,5,04-Aug-2018 06:56:30,-0.1077,,,0.115656774452866
04-Aug-2018 07:09:17,302159,47.5638597856952,-129.324948217062,2.99031,0.0428105603648588,8.59678498141271,04-Aug-2018 07:09:25,0.0441,04-Aug-2018 07:09:30,-0.2910,,,,,04-Aug-2018 07:09:31,-0.0779,04-Aug-2018 07:09:25,-0.0177,04-Aug-2018 07:09:31,0.1862,04-Aug-2018 07:09:31,-0.1683,3,4,,,04-Aug-2018 07:09:24,-0.0280,0.96793649816729
04-Aug-2018 07:11:40,302160,47.9476629692476,-129.094032394732,1.53094,0.554808755416617,1.64852257170943,04-Aug-2018 07:11:41,-0.0467,04-Aug-2018 07:11:41,0.1012,04-Aug-2018 07:11:42,0.0476,04-Aug-2018 07:11:41,0.0295,04-Aug-2018 07:11:42,-0.1275,04-Aug-2018 07:11:41,-0.0046,04-Aug-2018 07:11:42,0.0434,,,3,4,,,,,-0.10380693426211
04-Aug-2018 07:44:03,302162,47.9667157082779,-129.095252018441,0.941563,0.777997908491976,1.6366470577244,04-Aug-2018 07:44:03,0.0158,04-Aug-2018 07:44:04,-0.0433,,,04-Aug-2018 07:44:03,0.0180,04-Aug-2018 07:44:04,-0.0156,04-Aug-2018 07:44:03,-0.0112,04-Aug-2018 07:44:04,0.0299,04-Aug-2018 07:44:03,-0.5572,3,4,,,,,0.0273438392068126
04-Aug-2018 08:29:49,302163,47.9747385939022,-129.09134005428,0.0071875,0.877024279708575,2.19832322877898,04-Aug-2018 08:29:50,-0.0776,04-Aug-2018 08:29:51,0.0806,,,04-Aug-2018 08:29:50,0.0330,04-Aug-2018 08:29:51,0.6949,,,04-Aug-2018 08:29:51,-0.0145,04-Aug-2018 08:29:50,0.0013,3,4,04-Aug-2018 08:29:50,-0.0618,,,0.158205791216453
04-Aug-2018 08:40:48,302164,47.5729527354348,-128.815989058009,3.00875,0.0428085683748121,12.0803346525439,,,04-Aug-2018 08:41:01,0.2186,04-Aug-2018 08:41:00,-0.1767,04-Aug-2018 08:40:56,0.0001,,,,,04-Aug-2018 08:41:02,0.0725,04-Aug-2018 08:41:02,-0.0421,1,4,,,,,
04-Aug-2018 08:50:07,302165,47.936717610951,-129.069538148001,1.99031,0.0289566298533448,1.72432984663786,04-Aug-2018 08:50:08,-0.0906,04-Aug-2018 08:50:08,-0.4664,04-Aug-2018 08:50:09,-0.0681,04-Aug-2018 08:50:08,0.0109,04-Aug-2018 08:50:09,-0.6025,04-Aug-2018 08:50:08,0.0272,04-Aug-2018 08:50:10,0.2499,,,4,4,,,04-Aug-2018 08:50:08,0.0140,0.489559037784224
04-Aug-2018 08:50:08,302166,47.8710364447198,-128.854543493287,2.99031,0.0429045306642726,2.88196881177961,04-Aug-2018 08:50:11,-0.0922,04-Aug-2018 08:50:14,0.0229,04-Aug-2018 08:50:14,-0.0545,04-Aug-2018 08:50:11,0.0119,,,04-Aug-2018 08:50:11,0.0584,04-Aug-2018 08:50:15,0.3581,04-Aug-2018 08:50:14,-0.0560,4,4,,,04-Aug-2018 08:50:11,0.1042,0.793790421221551
04-Aug-2018 08:50:22,302167,47.9458808192375,-129.087992980371,0.682813,0.463206905298187,1.65095490154302,04-Aug-2018 08:50:23,-0.0773,04-Aug-2018 08:50:23,0.0758,04-Aug-2018 08:50:24,-0.1644,04-Aug-2018 08:50:23,0.1034,04-Aug-2018 08:50:24,0.2478,,,04-Aug-2018 08:50:25,0.5909,04-Aug-2018 08:50:24,-0.1959,4,5,04-Aug-2018 08:50:23,-0.1080,04-Aug-2018 08:50:23,0.0083,0.256720245214794
04-Aug-2018 08:50:28,302168,47.9525631120966,-129.099467694047,1.99031,0.0291018824678403,1.70453777444844,,,04-Aug-2018 08:50:29,0.2882,04-Aug-2018 08:50:29,-0.1139,04-Aug-2018 08:50:29,0.1887,,,,,,,04-Aug-2018 08:50:28,-0.6376,2,3,,,04-Aug-2018 08:50:28,-0.0219,0.239333165757376
04-Aug-2018 08:50:32,302169,47.939754317305,-129.081747100702,1.40156,0.568768561245228,1.60315399357149,04-Aug-2018 08:50:33,0.0910,04-Aug-2018 08:50:33,-0.2618,04-Aug-2018 08:50:34,0.0147,04-Aug-2018 08:50:33,-0.0100,04-Aug-2018 08:50:34,-0.3116,04-Aug-2018 08:50:33,-0.0122,04-Aug-2018 08:50:34,0.2715,,,4,4,,,04-Aug-2018 08:50:33,-0.0250,0.229745196391681
04-Aug-2018 08:50:38,302170,47.9331476377905,-129.066202062855,1.99031,0.0291683189313758,1.68630767004044,,,04-Aug-2018 08:50:39,-0.6383,04-Aug-2018 08:50:39,-0.1006,04-Aug-2018 08:50:39,-0.0273,04-Aug-2018 08:50:39,-0.6902,04-Aug-2018 08:50:39,-0.0075,04-Aug-2018 08:50:40,0.0622,,,3,4,,,04-Aug-2018 08:50:39,0.0279,0.776094009445265
04-Aug-2018 08:51:08,302171,47.9349012974509,-129.071246922466,1.99063,0.0289469589000462,1.68726501392794,04-Aug-2018 08:51:09,-0.0245,04-Aug-2018 08:51:10,-0.1345,04-Aug-2018 08:51:10,-0.0771,04-Aug-2018 08:51:09,-0.0214,04-Aug-2018 08:51:10,0.0896,04-Aug-2018 08:51:10,0.0339,04-Aug-2018 08:51:11,0.1323,04-Aug-2018 08:51:09,-0.8318,4,4,,,04-Aug-2018 08:51:09,0.0261,0.389003254365985
04-Aug-2018 08:51:39,302172,47.9385939400273,-129.069809324968,1.99031,0.028862853844178,1.73196039162809,04-Aug-2018 08:51:40,0.0943,04-Aug-2018 08:51:40,-0.0887,04-Aug-2018 08:51:41,-0.1519,04-Aug-2018 08:51:40,-0.0084,04-Aug-2018 08:51:40,-0.4785,,,04-Aug-2018 08:51:41,0.1004,,,3,4,,,04-Aug-2018 08:51:40,-0.0086,0.248404069997248
04-Aug-2018 08:51:47,302173,48.1396360664286,-129.264058073446,3.00062,0.0430942966785937,17.8713783596177,,,04-Aug-2018 08:51:55,-0.0523,04-Aug-2018 08:51:55,0.0194,,,04-Aug-2018 08:51:55,0.6870,,,04-Aug-2018 08:51:56,1.6838,04-Aug-2018 08:51:54,0.0345,1,4,04-Aug-2018 08:51:51,-0.0017,,,
04-Aug-2018 08:51:50,302174,48.015595860417,-128.485778129784,2.99938,0.0429917831844442,34.9642861920986,04-Aug-2018 08:51:57,-0.0006,04-Aug-2018 08:52:03,0.0159,04-Aug-2018 08:52:03,-0.0089,,,,,,,04-Aug-2018 08:52:04,0.6927,04-Aug-2018 08:52:03,-0.1059,1,4,,,,,1.17805116889804
04-Aug-2018 08:52:19,302176,48.0062042436352,-128.522315863271,2.99875,0.0429829629078902,23.552693200002,,,04-Aug-2018 08:52:31,0.1007,04-Aug-2018 08:52:31,-0.0876,,,04-Aug-2018 08:52:32,1.3243,,,04-Aug-2018 08:52:32,0.5430,04-Aug-2018 08:52:30,-0.2218,0,5,,,,,
04-Aug-2018 08:52:32,302177,47.9299396221857,-129.066019688598,1.99063,0.0292546449212867,19.4550121411497,,,04-Aug-2018 08:52:33,-0.1101,04-Aug-2018 08:52:34,-0.0061,,,04-Aug-2018 08:52:34,0.0451,,,04-Aug-2018 08:52:34,0.1086,04-Aug-2018 08:52:34,-0.1114,0,5,,,,,
04-Aug-2018 08:53:00,302178,47.9303012694537,-129.06917173467,2.99031,0.0429610251821377,1.68465719537229,04-Aug-2018 08:53:01,-0.0348,04-Aug-2018 08:53:01,-0.0662,04-Aug-2018 08:53:01,-0.0612,04-Aug-2018 08:53:01,-0.0179,04-Aug-2018 08:53:02,0.0086,04-Aug-2018 08:53:01,0.0505,04-Aug-2018 08:53:02,0.0186,,,4,4,,,04-Aug-2018 08:53:01,0.0758,0.268087608648916
04-Aug-2018 08:53:26,302179,47.9335126162164,-129.060617402132,1.99031,0.0288748808615029,1.74832139278461,04-Aug-2018 08:53:27,-0.0116,04-Aug-2018 08:53:28,-0.2025,04-Aug-2018 08:53:28,0.0017,04-Aug-2018 08:53:27,0.0063,04-Aug-2018 08:53:28,-0.0911,04-Aug-2018 08:53:27,0.0104,04-Aug-2018 08:53:28,0.1018,,,4,4,,,04-Aug-2018 08:53:27,-0.0064,0.228821391190412
04-Aug-2018 08:55:09,302180,47.9364152008447,-129.068366175206,1.99031,0.0289020564886391,1.66885460235858,04-Aug-2018 08:55:10,0.0087,04-Aug-2018 08:55:10,-0.0956,04-Aug-2018 08:55:11,-0.0822,04-Aug-2018 08:55:10,-0.0195,04-Aug-2018 08:55:11,0.0166,04-Aug-2018 08:55:10,-0.0135,04-Aug-2018 08:55:11,0.2633,,,4,4,,,04-Aug-2018 08:55:10,0.0371,0.538230998644892
04-Aug-2018 08:56:26,302181,47.9281225196583,-129.067728842604,2.99031,0.0428130501933452,1.8046011161068,04-Aug-2018 08:56:27,0.0338,04-Aug-2018 08:56:27,-0.2071,04-Aug-2018 08:56:27,-0.0457,04-Aug-2018 08:56:27,-0.0061,04-Aug-2018 08:56:28,0.0050,04-Aug-2018 08:56:27,0.0047,04-Aug-2018 08:56:28,0.0322,,,3,4,,,,,0.259679567566316
04-Aug-2018 09:03:05,302183,48.0717243010313,-129.25959344452,3.00062,0.0428110469768779,3.26902010715495,,,04-Aug-2018 09:03:10,0.2203,04-Aug-2018 09:03:10,-0.4541,,,,,04-Aug-2018 09:03:07,-0.0020,04-Aug-2018 09:03:10,-0.1160,04-Aug-2018 09:03:10,-0.1498,1,4,,,,,0.796357411994569
04-Aug-2018 09:23:38,302184,47.9877422693606,-128.814837777911,3.00937,0.043035332649494,6.21714829119891,,,04-Aug-2018 09:23:45,0.0605,04-Aug-2018 09:23:45,-0.2229,,,04-Aug-2018 09:23:45,1.0764,,,04-Aug-2018 09:23:45,0.3331,04-Aug-2018 09:23:44,-0.9231,1,5,04-Aug-2018 09:23:42,0.0080,,,
04-Aug-2018 09:28:05,302185,48.070144118461,-129.007237128565,2.99063,0.0432965925123883,4.68713379528973,04-Aug-2018 09:28:08,-0.0003,04-Aug-2018 09:28:10,0.1859,,,,,04-Aug-2018 09:28:09,0.3633,,,04-Aug-2018 09:28:10,0.3091,04-Aug-2018 09:28:09,-0.1721,1,4,,,,,0.486553707425863
04-Aug-2018 09:28:25,302186,47.9732989818419,-129.094516604394,0.0071875,1.12912343257225,2.42287740339831,,,04-Aug-2018 09:28:27,0.1795,,,04-Aug-2018 09:28:25,-0.0544,04-Aug-2018 09:28:26,0.2071,04-Aug-2018 09:28:25,-0.0728,04-Aug-2018 09:28:27,-0.0125,04-Aug-2018 09:28:26,-0.0536,2,4,,,,,0.0347967345464522
04-Aug-2018 09:47:27,302187,47.9590859287527,-129.06784358269,0.416875,0.810502187339305,1.77708412455818,,,04-Aug-2018 09:47:29,0.0518,04-Aug-2018 09:47:29,-0.2558,04-Aug-2018 09:47:28,0.0003,04-Aug-2018 09:47:29,0.0595,04-Aug-2018 09:47:28,-0.0071,04-Aug-2018 09:47:30,0.3143,04-Aug-2018 09:47:28,-0.2122,2,5,,,,,0.190894651379264
04-Aug-2018 11:02:06,302188,47.9671731785141,-129.08935945828,0.434844,0.26789596212065,1.53809602446392,04-Aug-2018 11:02:06,0.0496,04-Aug-2018 11:02:07,-0.1244,,,04-Aug-2018 11:02:06,0.0793,04-Aug-2018 11:02:07,-0.0050,04-Aug-2018 11:02:06,-0.0274,04-Aug-2018 11:02:07,-0.0994,04-Aug-2018 11:02:06,-0.4358,3,4,,,,,0.013967195060216
04-Aug-2018 11:48:25,302189,47.9740260617784,-129.094269073059,0.014375,1.10967774413609,2.43003610934154,04-Aug-2018 11:48:26,0.0123,04-Aug-2018 11:48:27,0.1509,,,04-Aug-2018 11:48:25,-0.0306,04-Aug-2018 11:48:27,0.0976,04-Aug-2018 11:48:26,-0.0624,04-Aug-2018 11:48:27,0.0996,04-Aug-2018 11:48:26,-0.0218,3,4,,,,,0.0636822489411593
04-Aug-2018 11:48:53,302190,47.9665276988002,-129.077877289462,0.0071875,0.916263583644564,2.27497290406894,04-Aug-2018 11:48:53,0.0163,04-Aug-2018 11:48:55,0.0317,,,04-Aug-2018 11:48:53,-0.0988,04-Aug-2018 11:48:54,0.1666,,,04-Aug-2018 11:48:55,-0.0689,04-Aug-2018 11:48:54,-0.0040,2,4,,,,,0.0365608236752877
04-Aug-2018 12:51:43,302191,47.9444109061299,-129.050352830331,2.99031,0.0428658612737225,1.90178695419764,,,,,04-Aug-2018 12:51:45,-0.1063,04-Aug-2018 12:51:44,0.0478,04-Aug-2018 12:51:45,0.0820,,,04-Aug-2018 12:51:45,0.1283,04-Aug-2018 12:51:45,-0.1758,1,4,,,,,0.355932310425471
04-Aug-2018 13:37:21,302192,47.9649925976107,-128.821241249797,3.00875,0.042937819971224,13.0612569431214,04-Aug-2018 13:37:25,0.0001,04-Aug-2018 13:37:27,0.0596,,,,,04-Aug-2018 13:37:27,0.0717,,,04-Aug-2018 13:37:28,-0.1397,04-Aug-2018 13:37:27,0.0271,1,4,,,,,0.64796609830319
04-Aug-2018 13:54:23,302194,47.9729749150074,-129.07704953397,1.99031,0.029041382939768,1.62778494160738,04-Aug-2018 13:54:24,0.2026,04-Aug-2018 13:54:25,-0.0129,,,,,04-Aug-2018 13:54:24,-0.1129,04-Aug-2018 13:54:24,0.3723,04-Aug-2018 13:54:25,-0.1789,04-Aug-2018 13:54:24,-0.4259,2,4,,,,,0.0660996556234092
04-Aug-2018 15:30:26,302197,47.9692929992941,-129.087728010605,0.984688,0.578315458566811,1.68802443078683,04-Aug-2018 15:30:27,0.0067,04-Aug-2018 15:30:27,-0.0651,,,04-Aug-2018 15:30:26,0.0057,04-Aug-2018 15:30:27,-0.0304,04-Aug-2018 15:30:27,0.0097,04-Aug-2018 15:30:28,-0.0132,,,3,3,,,,,0.100329898035682
04-Aug-2018 15:30:22,302198,48.0269851997008,-128.765858310203,3.00969,0.0428193741541509,9.68558480256499,04-Aug-2018 15:30:27,0.0406,04-Aug-2018 15:30:30,0.0708,04-Aug-2018 15:30:31,0.7059,04-Aug-2018 15:30:26,0.0258,04-Aug-2018 15:30:30,0.0626,04-Aug-2018 15:30:27,-0.0840,04-Aug-2018 15:30:30,-0.1639,04-Aug-2018 15:30:29,-0.5220,3,4,,,,,0.973100001987055
04-Aug-2018 15:37:47,302199,47.6509915619848,-129.056134783863,3.00062,0.0430042208205923,9.66721554931371,,,04-Aug-2018 15:37:57,-0.1405,,,,,04-Aug-2018 15:37:58,0.0633,04-Aug-2018 15:37:53,0.0991,04-Aug-2018 15:37:58,0.0050,,,2,3,,,04-Aug-2018 15:37:52,-0.0972,0.85651403528308
04-Aug-2018 15:45:28,302200,48.0466637706727,-129.336395437427,2.99969,0.0433953455470695,3.0565867891588,,,04-Aug-2018 15:45:35,0.2286,04-Aug-2018 15:45:35,-0.2729,04-Aug-2018 15:45:32,0.0310,04-Aug-2018 15:45:34,-0.1393,04-Aug-2018 15:45:31,-0.0162,,,04-Aug-2018 15:45:35,0.0231,2,4,,,,,0.756849003373631
04-Aug-2018 15:49:37,302201,47.9739946216708,-129.095463340204,0.0071875,1.18150556417577,2.08497689461495,04-Aug-2018 15:49:38,0.0615,04-Aug-2018 15:49:39,0.1487,,,04-Aug-2018 15:49:38,-0.0237,04-Aug-2018 15:49:39,0.0605,04-Aug-2018 15:49:38,-0.0631,04-Aug-2018 15:49:39,0.1524,04-Aug-2018 15:49:38,-0.0377,3,4,,,,,0.215709521272457
04-Aug-2018 15:54:06,302202,47.9087781474008,-128.874495349945,3.00969,0.0428660380177202,5.3272849720423,04-Aug-2018 15:54:09,0.0010,04-Aug-2018 15:54:12,-0.0513,04-Aug-2018 15:54:12,0.0143,,,04-Aug-2018 15:54:12,-0.0346,,,04-Aug-2018 15:54:12,0.0002,04-Aug-2018 15:54:12,0.0935,1,5,,,,,0.549401736888354
04-Aug-2018 16:10:00,302203,47.9738749853553,-129.093682590618,0.014375,1.05738652417066,2.36128997774858,04-Aug-2018 16:10:01,-0.0232,04-Aug-2018 16:10:02,0.0805,,,04-Aug-2018 16:10:00,-0.0528,04-Aug-2018 16:10:01,0.0606,,,04-Aug-2018 16:10:02,0.0752,04-Aug-2018 16:10:01,-0.0067,2,4,,,,,-0.0685908539876383
04-Aug-2018 16:31:55,302204,47.9674001955359,-129.089145129221,0.610938,0.489839287264735,1.64309127020207,04-Aug-2018 16:31:55,0.1232,04-Aug-2018 16:31:56,-0.0833,,,04-Aug-2018 16:31:55,0.0275,04-Aug-2018 16:31:56,-0.0305,04-Aug-2018 16:31:55,-0.0341,04-Aug-2018 16:31:56,-0.0021,04-Aug-2018 16:31:55,-0.1313,4,4,04-Aug-2018 16:31:55,-0.0326,,,-0.105712429234391
04-Aug-2018 16:31:56,302205,47.9758078730762,-129.100311985716,0.345,1.50360729456708,2.94158419956588,04-Aug-2018 16:31:57,0.0063,04-Aug-2018 16:31:58,-0.0901,,,04-Aug-2018 16:31:57,-0.0132,04-Aug-2018 16:31:57,0.0139,,,04-Aug-2018 16:31:58,0.0347,,,3,3,04-Aug-2018 16:31:57,0.0108,,,-0.0573126214091104
04-Aug-2018 16:44:00,302206,47.9664497865814,-129.089729712584,0.386328,0.185989679752418,1.51872649122006,04-Aug-2018 16:44:00,-0.0149,04-Aug-2018 16:44:01,-0.0342,,,04-Aug-2018 16:44:00,0.1235,04-Aug-2018 16:44:01,0.0650,04-Aug-2018 16:44:00,-0.0155,04-Aug-2018 16:44:01,-0.0822,04-Aug-2018 16:44:00,-0.2723,3,4,,,,,0.365747003477846
04-Aug-2018 17:37:10,302207,47.9640692217994,-129.091552948615,0.83375,0.518789410503901,1.71649202303156,04-Aug-2018 17:37:11,0.0161,04-Aug-2018 17:37:11,-0.1512,,,,,,,04-Aug-2018 17:37:11,0.0231,04-Aug-2018 17:37:12,-0.0486,04-Aug-2018 17:37:11,-0.0230,2,3,,,,,-0.310464245310737
04-Aug-2018 17:56:57,302209,47.9681224236149,-129.08877408938,0.274922,0.126811055883256,1.52620289745309,04-Aug-2018 17:56:58,0.0411,04-Aug-2018 17:56:59,-0.2396,,,04-Aug-2018 17:56:58,0.0720,04-Aug-2018 17:56:58,0.1070,04-Aug-2018 17:56:58,0.0226,04-Aug-2018 17:56:59,-0.2998,04-Aug-2018 17:56:58,-0.2044,3,4,,,,,-0.0124921020366671
04-Aug-2018 18:02:21,302210,47.9677940037052,-129.088920132586,0.409688,0.262330442873151,1.54780690054226,04-Aug-2018 18:02:21,0.1212,04-Aug-2018 18:02:22,-0.2051,,,04-Aug-2018 18:02:21,0.0382,04-Aug-2018 18:02:22,0.1215,04-Aug-2018 18:02:21,-0.0056,04-Aug-2018 18:02:22,-0.0612,04-Aug-2018 18:02:21,-0.3260,3,4,,,,,-0.130856939028121
04-Aug-2018 18:18:58,302211,47.9667895651516,-129.097729911746,0.014375,1.71267466021727,2.90762087696251,,,,,,,04-Aug-2018 18:18:59,-0.0156,04-Aug-2018 18:19:00,0.0227,04-Aug-2018 18:18:59,-0.0627,04-Aug-2018 18:19:00,0.0646,04-Aug-2018 18:18:59,0.0104,2,3,,,,,-0.0738555885935686
04-Aug-2018 18:20:38,302212,48.0314892863721,-129.114921508078,2.99969,0.0428265030266757,2.72316067907566,,,04-Aug-2018 18:20:41,0.1054,04-Aug-2018 18:20:41,-0.6491,04-Aug-2018 18:20:39,0.0056,04-Aug-2018 18:20:40,0.0426,04-Aug-2018 18:20:39,-0.0041,04-Aug-2018 18:20:41,0.0617,04-Aug-2018 18:20:40,-0.3341,2,5,,,,,0.668776874582612
04-Aug-2018 18:22:26,302213,47.6835205905592,-128.641265459586,3.00937,0.0430767475445895,15.2260021808408,04-Aug-2018 18:22:33,-0.0552,,,,,,,04-Aug-2018 18:22:39,0.0764,04-Aug-2018 18:22:33,0.0575,04-Aug-2018 18:22:39,0.0363,04-Aug-2018 18:22:38,-0.2148,2,3,,,,,0.878727009222015
04-Aug-2018 18:22:50,302214,48.0240491494518,-129.107057610291,2.00969,0.028965997294184,1.91525360317112,,,04-Aug-2018 18:22:54,0.1713,,,04-Aug-2018 18:22:52,0.0224,04-Aug-2018 18:22:53,0.1554,04-Aug-2018 18:22:52,-0.0335,04-Aug-2018 18:22:53,0.0711,04-Aug-2018 18:22:53,-0.2835,2,4,,,,,0.360658599605671
04-Aug-2018 18:22:49,302215,48.3201671811322,-129.250185870092,3.00937,0.0432054215714803,35.7382198360911,04-Aug-2018 18:22:55,0.0002,04-Aug-2018 18:23:01,-0.0459,,,,,04-Aug-2018 18:23:00,0.0190,,,04-Aug-2018 18:23:00,0.0015,04-Aug-2018 18:23:00,-0.3882,1,4,,,,,
04-Aug-2018 18:23:15,302216,48.0334840134787,-129.119166579825,2.99031,0.0428628345077073,2.64550527177986,,,04-Aug-2018 18:23:18,0.1010,,,04-Aug-2018 18:23:16,0.0033,04-Aug-2018 18:23:17,0.0456,04-Aug-2018 18:23:16,-0.0031,04-Aug-2018 18:23:18,0.0385,04-Aug-2018 18:23:17,-0.3897,2,4,,,,,0.632392980117029
04-Aug-2018 18:26:54,302217,48.0173313206342,-129.105513155152,2.00031,0.0288552408001324,3.64346457478462,,,04-Aug-2018 18:26:57,0.0600,,,04-Aug-2018 18:26:55,0.0137,04-Aug-2018 18:26:56,0.2409,04-Aug-2018 18:26:55,-0.0511,04-Aug-2018 18:26:57,0.2273,04-Aug-2018 18:26:56,-0.1877,2,4,,,,,0.242530579983102
04-Aug-2018 18:27:01,302218,47.9166237937023,-129.05817450506,2.99031,0.0428066448658759,1.87632163891427,,,,,04-Aug-2018 18:27:03,-0.2155,04-Aug-2018 18:27:02,0.0050,04-Aug-2018 18:27:04,0.0507,04-Aug-2018 18:27:03,0.1662,04-Aug-2018 18:27:04,0.2936,04-Aug-2018 18:27:03,-0.1786,2,4,,,,,0.174990770615009
04-Aug-2018 18:29:45,302219,47.9681037370634,-129.088701570698,0.199453,0.0988516461323699,1.5131392523934,04-Aug-2018 18:29:46,0.1515,04-Aug-2018 18:29:47,-0.2746,,,04-Aug-2018 18:29:46,0.0499,04-Aug-2018 18:29:46,0.0280,04-Aug-2018 18:29:46,0.0069,04-Aug-2018 18:29:47,-0.1560,04-Aug-2018 18:29:45,-0.1461,3,4,,,,,0.029125770015872
04-Aug-2018 19:05:39,302221,47.966612577799,-129.089595112224,0.452813,0.442867217171459,1.58282274837906,04-Aug-2018 19:05:39,0.0508,04-Aug-2018 19:05:40,-0.1065,,,04-Aug-2018 19:05:39,0.0092,04-Aug-2018 19:05:40,0.0503,04-Aug-2018 19:05:39,0.0174,04-Aug-2018 19:05:40,-0.3713,04-Aug-2018 19:05:39,-0.4009,3,4,,,,,-0.00336902264409744
04-Aug-2018 19:05:47,302222,47.8731436019148,-129.094408757295,2.99125,0.0429724931041364,2.42262081573873,04-Aug-2018 19:05:49,0.1173,04-Aug-2018 19:05:50,-0.0085,04-Aug-2018 19:05:50,-0.0448,,,,,04-Aug-2018 19:05:49,0.0356,04-Aug-2018 19:05:51,0.1067,,,3,3,,,04-Aug-2018 19:05:49,-0.0514,0.281223456484913
04-Aug-2018 19:50:15,302224,47.9775779258097,-128.982930868914,3.00969,0.0428421138896544,3.6735832468049,04-Aug-2018 19:50:17,0.0049,04-Aug-2018 19:50:19,0.0275,04-Aug-2018 19:50:18,-0.9668,,,04-Aug-2018 19:50:18,0.1325,04-Aug-2018 19:50:17,-0.0399,04-Aug-2018 19:50:19,-0.0123,04-Aug-2018 19:50:18,-0.5169,3,4,04-Aug-2018 19:50:17,0.0237,,,0.273522561603313
04-Aug-2018 19:50:38,302225,47.9547659682901,-129.083925731056,1.70344,0.480420228651873,1.57857776036454,04-Aug-2018 19:50:38,0.0989,04-Aug-2018 19:50:39,-0.0855,04-Aug-2018 19:50:39,-0.3400,,,04-Aug-2018 19:50:39,0.4377,04-Aug-2018 19:50:38,0.0583,04-Aug-2018 19:50:39,-0.0646,04-Aug-2018 19:50:38,-0.2434,4,5,04-Aug-2018 19:50:38,0.0358,04-Aug-2018 19:50:38,-0.0752,0.180477128413415
04-Aug-2018 19:55:27,302226,47.9640760266306,-129.078437987996,0.014375,1.26261399566433,2.57445241741576,04-Aug-2018 19:55:27,-0.0200,,,,,04-Aug-2018 19:55:27,0.0005,04-Aug-2018 19:55:28,0.0017,,,04-Aug-2018 19:55:29,0.0874,04-Aug-2018 19:55:28,-0.0048,2,3,,,,,-0.16463589250341
04-Aug-2018 20:22:09,302227,47.9467514874772,-129.099256979185,1.43031,0.530087821359842,1.55021708111491,04-Aug-2018 20:22:10,-0.0116,04-Aug-2018 20:22:10,0.0957,04-Aug-2018 20:22:11,0.0002,04-Aug-2018 20:22:10,0.0170,04-Aug-2018 20:22:11,-0.1541,04-Aug-2018 20:22:10,-0.0051,04-Aug-2018 20:22:11,0.0132,04-Aug-2018 20:22:10,-0.9768,3,4,,,,,0.399263198110177
04-Aug-2018 20:22:58,302229,47.9545055645597,-129.090797245328,0.797813,0.424884145034598,1.62347449500983,04-Aug-2018 20:22:59,0.0294,04-Aug-2018 20:22:59,-0.0982,,,,,04-Aug-2018 20:23:00,0.1683,04-Aug-2018 20:22:59,-0.0049,04-Aug-2018 20:23:00,0.1114,04-Aug-2018 20:22:59,-0.2258,3,4,04-Aug-2018 20:22:59,-0.0069,,,-0.0685056862710915
04-Aug-2018 20:33:17,302230,48.0213416200534,-129.078990862175,2.00031,0.0288591012822235,1.99527835339839,04-Aug-2018 20:33:19,0.0003,04-Aug-2018 20:33:20,0.0620,,,04-Aug-2018 20:33:19,-0.0075,04-Aug-2018 20:33:20,0.4336,04-Aug-2018 20:33:19,0.0090,04-Aug-2018 20:33:20,-0.0332,04-Aug-2018 20:33:20,-0.2271,3,4,,,,,0.627791515343795
04-Aug-2018 20:36:13,302231,47.985979674985,-129.096855436136,0.100625,1.26851287749459,2.09179386316883,04-Aug-2018 20:36:14,0.0115,04-Aug-2018 20:36:16,0.1520,,,04-Aug-2018 20:36:14,0.0225,04-Aug-2018 20:36:15,0.6093,04-Aug-2018 20:36:14,-0.0339,04-Aug-2018 20:36:15,0.0302,04-Aug-2018 20:36:14,-0.1963,3,4,,,,,0.122469258880034
04-Aug-2018 20:36:20,302232,47.968141598244,-129.005834801414,3.00969,0.0428140532804604,2.18485427281765,04-Aug-2018 20:36:21,0.0343,04-Aug-2018 20:36:23,0.4554,,,04-Aug-2018 20:36:21,-0.0160,04-Aug-2018 20:36:22,0.1871,04-Aug-2018 20:36:22,-0.0308,04-Aug-2018 20:36:23,-0.0634,04-Aug-2018 20:36:22,-0.2623,3,4,,,,,0.592867039814683
04-Aug-2018 21:05:31,302233,48.1314742810508,-129.129832832563,1.99875,0.0288650498391538,28.3106571522174,,,04-Aug-2018 21:05:37,0.0620,04-Aug-2018 21:05:39,0.6623,,,04-Aug-2018 21:05:37,0.0804,,,04-Aug-2018 21:05:37,-0.0206,04-Aug-2018 21:05:36,-0.3137,0,5,,,,,
04-Aug-2018 22:01:23,302234,47.9800595989299,-129.072998899489,1.99031,0.0288760786838737,1.80462556046722,04-Aug-2018 22:01:24,0.2008,04-Aug-2018 22:01:25,0.0649,,,,,04-Aug-2018 22:01:24,-0.2361,,,04-Aug-2018 22:01:25,0.0967,04-Aug-2018 22:01:23,-1.3543,1,4,,,,,0.0964322058154021
04-Aug-2018 22:54:01,302235,48.0392655636353,-129.062672392669,3.00062,0.0428135099948728,5.57214228675961,,,04-Aug-2018 22:54:04,0.1722,,,04-Aug-2018 22:54:02,0.0054,04-Aug-2018 22:54:04,0.1285,04-Aug-2018 22:54:03,0.0067,04-Aug-2018 22:54:04,0.0178,04-Aug-2018 22:54:03,-0.2967,2,4,,,,,
